gene	chain	resi	sg_sasa	pka	in_disulfide	accessible	vicinal_partners	n_vicinal_partners	functional_proximity_A	reactive
METTL3	A	375	29.42	NA	N	Y	A376:6.75	1	3.45	Y
METTL3	A	376	0.00	NA	N	N	A375:6.75	1	3.91	N
METTL3	A	443	0.00	NA	N	N		0	4.14	N
METTL3	A	483	0.00	NA	N	N		0	7.79	N
METTL3	A	500	0.00	NA	N	N		0	20.99	N
METTL3	B	120	2.94	NA	N	N		0	13.80	N
METTL3	B	210	2.93	NA	N	N		0	32.84	N
METTL3	B	235	0.00	NA	N	N		0	20.04	N
METTL3	B	247	0.00	NA	N	N		0	23.01	N
METTL3	B	256	0.00	NA	N	N		0	15.62	N
METTL3	B	260	0.00	NA	N	N		0	16.29	N
METTL3	B	288	0.00	NA	N	N		0	20.15	N
METTL3	B	338	0.00	NA	N	N		0	11.86	N
METTL3	B	388	0.00	NA	N	N		0	5.19	N
METTL14	A	375	29.42	NA	N	Y	A376:6.75	1	34.90	Y
METTL14	A	376	0.00	NA	N	N	A375:6.75	1	34.53	N
METTL14	A	443	0.00	NA	N	N		0	25.11	N
METTL14	A	483	0.00	NA	N	N		0	25.39	N
METTL14	A	500	0.00	NA	N	N		0	31.37	N
METTL14	B	120	2.94	NA	N	N		0	29.88	N
METTL14	B	210	2.93	NA	N	N		0	37.13	N
METTL14	B	235	0.00	NA	N	N		0	22.82	N
METTL14	B	247	0.00	NA	N	N		0	26.36	N
METTL14	B	256	0.00	NA	N	N		0	10.91	N
METTL14	B	260	0.00	NA	N	N		0	19.17	N
METTL14	B	288	0.00	NA	N	N		0	19.07	N
METTL14	B	338	0.00	NA	N	N		0	12.13	N
METTL14	B	388	0.00	NA	N	N		0	12.14	N
WTAP	A	202	0.27	NA	N	N		0	NA	N
WTAP	A	213	0.00	NA	N	N		0	NA	N
WTAP	B	202	0.71	NA	N	N		0	NA	N
WTAP	B	213	0.00	NA	N	N		0	NA	N
VIRMA	A	33	14.34	NA	N	Y		0	NA	Y
VIRMA	A	119	1.40	NA	N	N		0	NA	N
VIRMA	A	353	18.07	NA	N	Y		0	NA	Y
VIRMA	A	469	0.00	NA	N	N		0	NA	N
VIRMA	A	557	0.00	NA	N	N		0	NA	N
VIRMA	A	736	0.51	NA	N	N		0	NA	N
VIRMA	A	770	6.29	NA	N	Y		0	NA	Y
VIRMA	A	781	17.00	NA	N	Y		0	NA	Y
VIRMA	A	852	0.00	NA	N	N		0	NA	N
VIRMA	A	879	0.00	NA	N	N		0	NA	N
VIRMA	A	907	0.00	NA	N	N		0	NA	N
VIRMA	A	938	1.57	NA	N	N	A942:4.36;A1008:4.00	2	NA	N
VIRMA	A	942	0.03	NA	N	N	A938:4.36	1	NA	N
VIRMA	A	1008	14.69	NA	N	Y	A938:4.00	1	NA	Y
VIRMA	A	1045	1.88	NA	N	N		0	NA	N
VIRMA	A	1170	27.70	NA	N	Y		0	NA	Y
VIRMA	A	1181	0.00	NA	N	N	A1185:6.45	1	NA	N
VIRMA	A	1185	0.00	NA	N	N	A1181:6.45;A1238:3.61	2	NA	N
VIRMA	A	1238	0.22	NA	N	N	A1185:3.61	1	NA	N
VIRMA	A	1279	0.00	NA	N	N		0	NA	N
VIRMA	A	1291	0.00	NA	N	N	A1327:6.76	1	NA	N
VIRMA	A	1327	0.00	NA	N	N	A1291:6.76	1	NA	N
VIRMA	A	1329	0.00	NA	N	N	A1347:6.99	1	NA	N
VIRMA	A	1343	0.50	NA	N	N	A1347:4.36	1	NA	N
VIRMA	A	1347	0.00	NA	N	N	A1329:6.99;A1343:4.36	2	NA	N
VIRMA	A	1412	55.28	NA	N	Y	A1413:6.66	1	NA	Y
VIRMA	A	1413	52.02	NA	N	Y	A1412:6.66	1	NA	Y
VIRMA	A	1559	30.25	NA	N	Y	A1560:6.03	1	NA	Y
VIRMA	A	1560	44.16	NA	N	Y	A1559:6.03	1	NA	Y
ZC3H13	A	42	3.92	NA	N	N	A51:3.56;A57:3.55	2	NA	N
ZC3H13	A	51	1.20	NA	N	N	A42:3.56;A57:3.43	2	NA	N
ZC3H13	A	57	3.84	NA	N	N	A42:3.55;A51:3.43	2	NA	N
ZC3H13	A	1046	58.81	NA	N	Y		0	NA	Y
ZC3H13	A	1160	60.01	NA	N	Y		0	NA	Y
ZC3H13	A	1390	56.54	NA	N	Y		0	NA	Y
ZC3H13	A	1549	12.88	NA	N	Y		0	NA	Y
ZC3H13	A	1591	41.91	NA	N	Y		0	NA	Y
ZC3H13	A	1592	47.79	NA	N	Y	A1596:4.03	1	NA	Y
ZC3H13	A	1596	42.66	NA	N	Y	A1592:4.03	1	NA	Y
ZC3H13	A	1643	45.46	NA	N	Y		0	NA	Y
ZC3H13	A	1666	50.84	NA	N	Y		0	NA	Y
RBM15	A	23	64.48	NA	N	Y		0	NA	Y
RBM15	A	667	53.14	NA	N	Y		0	NA	Y
RBM15	A	785	31.26	NA	N	Y		0	NA	Y
RBM15	A	926	1.68	NA	N	N		0	NA	N
RBM15B	A	4	42.55	NA	N	Y		0	NA	Y
RBM15B	A	21	30.58	NA	N	Y		0	NA	Y
RBM15B	A	31	33.65	NA	N	Y		0	NA	Y
RBM15B	A	66	64.67	NA	N	Y		0	NA	Y
RBM15B	A	154	44.23	NA	N	Y		0	NA	Y
RBM15B	A	160	53.37	NA	N	Y		0	NA	Y
RBM15B	A	204	44.34	NA	N	Y	A205:6.71	1	NA	Y
RBM15B	A	205	33.24	NA	N	Y	A204:6.71	1	NA	Y
RBM15B	A	238	61.42	NA	N	Y		0	NA	Y
RBM15B	A	305	0.00	NA	N	N	A322:3.50;A338:4.03	2	NA	N
RBM15B	A	322	0.00	NA	N	N	A305:3.50;A338:3.85	2	NA	N
RBM15B	A	338	0.00	NA	N	N	A305:4.03;A322:3.85	2	NA	N
RBM15B	A	366	0.32	NA	N	N		0	NA	N
RBM15B	A	413	0.00	NA	N	N		0	NA	N
RBM15B	A	463	0.07	NA	N	N		0	NA	N
RBM15B	A	485	58.64	NA	N	Y		0	NA	Y
RBM15B	A	569	45.97	NA	N	Y		0	NA	Y
RBM15B	A	719	54.73	NA	N	Y		0	NA	Y
RBM15B	A	742	49.62	NA	N	Y		0	NA	Y
RBM15B	A	765	52.46	NA	N	Y		0	NA	Y
RBM15B	A	824	38.90	NA	N	Y		0	NA	Y
RBM15B	A	842	37.98	NA	N	Y		0	NA	Y
RBM15B	A	1008	50.90	NA	N	Y		0	NA	Y
RBM15B	A	1028	43.40	NA	N	Y		0	NA	Y
RBM15B	A	1048	20.05	NA	N	Y		0	NA	Y
RBM15B	A	1065	63.07	NA	N	Y		0	NA	Y
RBM15B	A	1071	45.69	NA	N	Y	A1072:5.97	1	NA	Y
RBM15B	A	1072	45.67	NA	N	Y	A1071:5.97	1	NA	Y
RBM15B	A	1108	40.45	NA	N	Y		0	NA	Y
RBM15B	A	1141	43.38	NA	N	Y		0	NA	Y
RBM15B	A	1148	54.55	NA	N	Y		0	NA	Y
RBM15B	A	1201	67.32	NA	N	Y		0	NA	Y
RBM15B	A	1288	51.04	NA	N	Y		0	NA	Y
RBM15B	A	1293	52.29	NA	N	Y		0	NA	Y
RBM15B	A	1425	67.86	NA	N	Y		0	NA	Y
RBM15B	A	1445	65.34	NA	N	Y		0	NA	Y
RBM15B	A	1484	66.57	NA	N	Y		0	NA	Y
RBM15B	A	1499	47.26	NA	N	Y		0	NA	Y
RBM15B	A	1508	28.83	NA	N	Y		0	NA	Y
RBM15B	A	1584	32.74	NA	N	Y		0	NA	Y
RBM15B	A	1643	39.72	NA	N	Y		0	NA	Y
RBM15B	A	1777	60.90	NA	N	Y		0	NA	Y
CBLL1	A	73	35.04	NA	N	Y		0	16.66	Y
CBLL1	A	109	0.00	NA	N	N	A112:3.68	1	0.00	N
CBLL1	A	112	0.55	NA	N	N	A109:3.68	1	0.00	N
CBLL1	A	125	0.00	NA	N	N	A145:3.53;A148:4.03	2	3.55	N
CBLL1	A	130	6.44	NA	Y	Y		0	4.07	N
CBLL1	A	133	7.25	NA	Y	Y		0	3.38	N
CBLL1	A	145	0.00	NA	N	N	A125:3.53;A148:3.39	2	4.06	N
CBLL1	A	148	0.00	NA	N	N	A125:4.03;A145:3.39	2	6.67	N
CBLL1	A	158	7.01	NA	N	Y		0	8.68	Y
CBLL1	A	166	0.00	NA	N	N	A172:4.06	1	10.24	N
CBLL1	A	172	7.51	NA	N	Y	A166:4.06	1	8.78	Y
METTL16	A	57	5.45	NA	N	Y		0	16.33	Y
METTL16	A	115	0.00	NA	N	N		0	11.99	N
METTL16	A	138	11.70	NA	N	Y		0	9.21	Y
METTL16	A	181	0.00	NA	N	N		0	9.00	N
METTL16	A	183	0.00	NA	Y	N		0	4.39	N
METTL16	A	247	0.00	NA	Y	N		0	3.61	N
METTL16	A	253	30.23	NA	N	Y		0	11.70	Y
METTL16	A	276	22.75	NA	N	Y		0	14.34	Y
FTO	A	77	0.00	NA	N	N	A392:4.29	1	17.43	N
FTO	A	104	3.32	NA	N	N	A326:4.38	1	8.06	N
FTO	A	136	2.30	NA	N	N		0	14.95	N
FTO	A	249	11.33	NA	N	Y		0	18.70	Y
FTO	A	294	0.53	NA	N	N		0	12.71	N
FTO	A	308	0.00	NA	N	N		0	4.30	N
FTO	A	326	35.63	NA	N	Y	A104:4.38	1	9.18	Y
FTO	A	338	0.00	NA	N	N		0	25.10	N
FTO	A	346	34.47	NA	N	Y		0	42.59	Y
FTO	A	392	0.17	NA	N	N	A77:4.29	1	16.43	N
FTO	A	397	11.81	NA	N	Y		0	24.03	Y
FTO	A	456	1.34	NA	N	N	A472:4.28	1	24.76	N
FTO	A	472	0.09	NA	N	N	A456:4.28	1	28.12	N
ALKBH5	A	100	1.51	NA	N	N		0	20.25	N
ALKBH5	A	200	28.96	NA	N	Y		0	9.40	Y
ALKBH5	A	227	0.00	NA	N	N		0	7.36	N
ALKBH5	A	230	0.00	NA	Y	N		0	3.47	N
ALKBH5	A	267	0.00	NA	Y	N		0	3.92	N
ALKBH5	B	100	2.25	NA	N	N		0	20.37	N
ALKBH5	B	200	32.38	NA	N	Y		0	9.49	Y
ALKBH5	B	227	0.00	NA	N	N		0	7.35	N
ALKBH5	B	230	0.00	NA	Y	N		0	3.45	N
ALKBH5	B	267	0.00	NA	Y	N		0	3.92	N
YTHDF1	A	412	0.00	NA	N	N		0	3.80	N
YTHDF1	A	427	50.56	NA	N	Y		0	18.66	Y
YTHDF1	A	447	0.56	NA	N	N		0	8.40	N
YTHDF2	A	213	0.00	NA	N	N		0	NA	N
YTHDF2	B	213	0.00	NA	N	N		0	NA	N
YTHDF3	A	439	0.00	NA	N	N		0	3.85	N
YTHDF3	A	474	0.02	NA	N	N		0	7.95	N
YTHDC1	A	449	0.56	NA	N	N		0	15.57	N
YTHDC1	A	484	0.00	NA	N	N		0	19.08	N
YTHDC1	A	489	0.00	NA	N	N		0	14.89	N
IGF2BP1	A	253	0.12	NA	N	N		0	NA	N
IGF2BP1	A	257	0.00	NA	N	N	A337:4.27	1	NA	N
IGF2BP1	A	336	3.85	NA	N	N	A337:6.54	1	NA	N
IGF2BP1	A	337	0.00	NA	N	N	A257:4.27;A336:6.54	2	NA	N
IGF2BP3	A	44	0.00	NA	N	N		0	64.11	N
IGF2BP3	A	110	0.02	NA	N	N		0	27.38	N
IGF2BP3	A	194	25.89	NA	N	Y		0	34.55	Y
IGF2BP3	A	257	0.00	NA	N	N		0	40.01	N
IGF2BP3	A	336	1.69	NA	N	N		0	39.84	N
IGF2BP3	A	546	0.00	NA	N	N		0	8.08	N
HNRNPA2B1	A	50	0.00	NA	N	N		0	9.37	N
HNRNPC	A	46	0.00	NA	N	N		0	8.80	N
PIN1	A	57	0.00	NA	N	N		0	12.64	N
PIN1	A	113	22.38	NA	N	Y		0	0.00	Y
TXN1	A	32	12.37	NA	N	Y	A35:3.92	1	0.00	Y
TXN1	A	35	0.00	NA	N	N	A32:3.92	1	0.00	N
TXN1	A	62	1.25	NA	N	N		0	14.55	N
TXN1	A	69	13.58	NA	N	Y		0	15.23	Y
TXN1	A	73	52.22	NA	N	Y		0	9.08	Y
GAPDH	O	152	18.56	NA	N	Y		0	0.00	Y
GAPDH	O	156	0.00	NA	N	N		0	5.51	N
GAPDH	O	247	0.00	NA	N	N		0	17.02	N
GAPDH	P	152	19.27	NA	N	Y		0	0.00	Y
GAPDH	P	156	0.00	NA	N	N		0	5.55	N
GAPDH	P	247	0.00	NA	N	N		0	16.99	N
GAPDH	Q	152	20.66	NA	N	Y		0	0.00	Y
GAPDH	Q	156	0.00	NA	N	N		0	5.54	N
GAPDH	Q	247	0.00	NA	N	N		0	17.05	N
GAPDH	R	152	19.58	NA	N	Y		0	0.00	Y
GAPDH	R	156	0.00	NA	N	N		0	5.51	N
GAPDH	R	247	0.00	NA	N	N		0	17.08	N
SH3_SRC	A	185	4.75	NA	N	N		0	NA	N
SH3_SRC	A	238	0.00	NA	N	N		0	NA	N
SH3_SRC	A	245	0.00	NA	N	N		0	NA	N
SH3_SRC	A	277	8.17	NA	N	Y		0	NA	Y
SH3_SRC	A	400	0.00	NA	N	N		0	NA	N
SH3_SRC	A	483	3.10	NA	N	N	A487:4.37	1	NA	N
SH3_SRC	A	487	0.00	NA	N	N	A483:4.37	1	NA	N
SH3_SRC	A	496	19.48	NA	N	Y		0	NA	Y
SH3_SRC	A	498	0.00	NA	N	N		0	NA	N
