gene	box_id	anchor_cys	vina_dG_kcal_mol	pose_file
METTL3	CA375	A375	-2.467	docking_poses/noncovalent/METTL3_CA375.pdbqt
METTL14	CA375	A375	-2.474	docking_poses/noncovalent/METTL14_CA375.pdbqt
VIRMA	P60_CA1559	A1559	-2.394	docking_poses/noncovalent/VIRMA_P60_CA1559.pdbqt
VIRMA	P70_CA1560	A1560	-2.814	docking_poses/noncovalent/VIRMA_P70_CA1560.pdbqt
ZC3H13	CA1592	A1592	-2.564	docking_poses/noncovalent/ZC3H13_CA1592.pdbqt
ZC3H13	CA1596	A1596	-2.283	docking_poses/noncovalent/ZC3H13_CA1596.pdbqt
RBM15B	P54_CA204	A204	-2.974	docking_poses/noncovalent/RBM15B_P54_CA204.pdbqt
CBLL1	P6_CA172	A172	-2.955	docking_poses/noncovalent/CBLL1_P6_CA172.pdbqt
FTO	P32_CA326	A326	-3.303	docking_poses/noncovalent/FTO_P32_CA326.pdbqt
PIN1	P2_CA113	A113	-3.235	docking_poses/noncovalent/PIN1_P2_CA113.pdbqt
PIN1	P3_CA113	A113	-3.477	docking_poses/noncovalent/PIN1_P3_CA113.pdbqt
PIN1	P6_CA113	A113	-3.129	docking_poses/noncovalent/PIN1_P6_CA113.pdbqt
TXN1	P1_CA32	A32	-3.482	docking_poses/noncovalent/TXN1_P1_CA32.pdbqt
GAPDH	P6_CO152	O152	-4.164	docking_poses/noncovalent/GAPDH_P6_CO152.pdbqt
GAPDH	P29_CP152	P152	-4.182	docking_poses/noncovalent/GAPDH_P29_CP152.pdbqt
GAPDH	P57_CR152	R152	-4.232	docking_poses/noncovalent/GAPDH_P57_CR152.pdbqt
GAPDH	P71_CP152	P152	-2.961	docking_poses/noncovalent/GAPDH_P71_CP152.pdbqt
GAPDH	P73_CQ152	Q152	-4.234	docking_poses/noncovalent/GAPDH_P73_CQ152.pdbqt
GAPDH	P82_CQ152	Q152	-2.967	docking_poses/noncovalent/GAPDH_P82_CQ152.pdbqt
GAPDH	P83_CQ152	Q152	-4.234	docking_poses/noncovalent/GAPDH_P83_CQ152.pdbqt
GAPDH	P87_CR152	R152	-3.251	docking_poses/noncovalent/GAPDH_P87_CR152.pdbqt
GAPDH	P90_CR152	R152	-4.265	docking_poses/noncovalent/GAPDH_P90_CR152.pdbqt
