gene	box_id	origin	cx	cy	cz	sx	sy	sz	anchor_cys	pocket_id
METTL3	CA375	cys_only	38.728	19.565	149.333	16.0	16.0	16.0	A375	
METTL14	CA375	cys_only	38.728	19.565	149.333	16.0	16.0	16.0	A375	
VIRMA	P60_CA1559	pocket+cys	9.693	24.983	-38.654	16.0	16.0	16.0	A1559	60
VIRMA	P70_CA1560	pocket+cys	-1.478	24.069	-39.060	16.0	16.0	16.0	A1560	70
ZC3H13	CA1592	cys_only	-28.810	-24.236	8.189	16.0	16.0	16.0	A1592	
ZC3H13	CA1596	cys_only	-25.044	-25.553	7.612	16.0	16.0	16.0	A1596	
RBM15B	P54_CA204	pocket+cys	22.777	2.312	-21.744	16.0	16.0	16.0	A204	54
CBLL1	P6_CA172	pocket+cys	1.237	-0.223	-14.075	16.0	16.0	16.0	A172	6
FTO	P32_CA326	pocket+cys	11.911	-15.974	-20.272	16.0	16.0	16.0	A326	32
PIN1	P2_CA113	pocket+cys	10.629	10.973	103.842	16.0	16.0	16.0	A113	2
PIN1	P3_CA113	pocket+cys	9.804	6.462	111.008	16.0	16.0	16.0	A113	3
PIN1	P6_CA113	pocket+cys	16.948	10.728	117.087	16.0	16.0	16.0	A113	6
TXN1	P1_CA32	pocket+cys	30.071	16.280	8.918	16.0	16.0	16.0	A32	1
GAPDH	P6_CO152	pocket+cys	39.995	42.019	45.666	16.0	16.0	16.0	O152	6
GAPDH	P29_CP152	pocket+cys	16.616	23.971	33.964	16.0	16.0	16.0	P152	29
GAPDH	P57_CR152	pocket+cys	51.517	26.061	19.431	16.0	16.0	16.0	R152	57
GAPDH	P71_CP152	pocket+cys	17.331	28.506	41.478	16.0	16.0	16.0	P152	71
GAPDH	P73_CQ152	pocket+cys	21.746	49.547	14.752	16.0	16.0	16.0	Q152	73
GAPDH	P82_CQ152	pocket+cys	26.477	43.138	12.479	16.0	16.0	16.0	Q152	82
GAPDH	P83_CQ152	pocket+cys	21.381	46.127	20.338	16.0	16.0	16.0	Q152	83
GAPDH	P87_CR152	pocket+cys	47.985	34.431	17.672	16.0	16.0	16.0	R152	87
GAPDH	P90_CR152	pocket+cys	47.660	28.193	25.731	16.0	16.0	16.0	R152	90
