pdb	chain	author_resi	uniprot_resi	resn	has_sg	adjacent_resi	adjacent_resn	is_cys_asp_motif	d_sg_cofactor_A	d_sg_adjacent_A	d_sg_dppw_A	nearest_cys	nearest_cys_sg_sg_A	cofactor_in_struct	author_to_uniprot_offset	dppw_author_start
5IL0	A	375	375	CYS	Y	376	CYS	N	NA	3.63	14.02	A376	6.75	none	0	395
5IL0	A	376	376	CYS	Y	377	ASP	Y	NA	3.91	11.96	A375	6.75	none	0	395
5IL1	A	375	375	CYS	Y	376	CYS	N	7.79	3.57	13.59	A376	6.74	SAM	0	395
5IL1	A	376	376	CYS	Y	377	ASP	Y	5.50	3.89	11.74	A375	6.74	SAM	0	395
5K7M	A	375	375	CYS	Y	376	CYS	N	NA	3.73	13.96	A376	6.83	none	0	395
5K7M	A	376	376	CYS	Y	377	ASP	Y	NA	3.89	12.15	A375	6.83	none	0	395
5K7U	A	375	375	CYS	Y	376	CYS	N	7.71	3.70	13.96	A376	6.85	SAM	0	395
5K7U	A	376	376	CYS	Y	377	ASP	Y	5.55	3.90	12.04	A375	6.85	SAM	0	395
5K7W	A	375	375	CYS	Y	376	CYS	N	7.67	3.75	14.22	A376	6.89	SAH	0	395
5K7W	A	376	376	CYS	Y	377	ASP	Y	5.49	3.82	12.21	A375	6.89	SAH	0	395
6TTT	A	375	375	CYS	Y	376	CYS	N	NA	3.51	13.88	A376	6.63	none	0	395
6TTT	A	376	376	CYS	Y	377	ASP	Y	NA	3.99	12.02	A375	6.63	none	0	395
