gene	pocket_id	score	druggability	n_alpha	cx	cy	cz
METTL3	1	0.227	0.096	106	8.134	8.190	131.640
METTL3	2	0.138	0.013	33	21.662	22.310	137.760
METTL3	3	0.076	0.0	15	-3.696	27.246	145.057
METTL3	4	0.07	0.039	27	-6.271	26.607	135.854
METTL3	5	0.069	0.001	16	-7.784	15.079	127.452
METTL3	6	0.067	0.48	52	-2.835	39.516	133.520
METTL3	7	0.065	0.002	22	8.714	29.638	152.618
METTL3	8	0.048	0.263	37	32.391	9.539	141.166
METTL3	9	0.041	0.001	16	16.489	1.133	148.508
METTL3	10	0.035	0.001	19	-10.296	28.061	126.413
METTL3	11	-0.0	0.727	45	8.712	41.007	132.516
METTL3	12	-0.008	0.001	29	37.508	12.921	134.894
METTL3	13	-0.016	0.033	29	12.158	33.993	145.143
METTL3	14	-0.017	0.001	24	47.240	8.706	146.582
METTL3	15	-0.024	0.006	19	-0.467	22.018	106.363
METTL3	16	-0.026	0.008	19	4.187	24.027	157.322
METTL3	17	-0.027	0.008	24	-2.884	46.929	122.094
METTL3	18	-0.027	0.001	18	-18.200	23.679	119.889
METTL3	19	-0.032	0.031	31	10.091	2.130	142.958
METTL3	20	-0.042	0.0	19	14.381	24.720	154.423
METTL3	21	-0.052	0.001	30	-0.666	48.967	134.258
METTL3	22	-0.055	0.0	23	4.349	51.688	127.330
METTL3	23	-0.059	0.0	52	-6.109	15.277	137.372
METTL3	24	-0.063	0.0	16	-3.281	42.372	143.856
METTL3	25	-0.076	0.001	17	1.137	13.514	153.533
METTL3	26	-0.077	0.032	20	32.473	19.275	156.105
METTL3	27	-0.077	0.0	22	-2.229	7.503	116.486
METTL3	28	-0.09	0.58	42	28.232	5.638	158.499
METTL3	29	-0.096	0.005	18	14.031	17.474	123.199
METTL3	30	-0.098	0.017	30	6.027	39.186	140.904
METTL3	31	-0.104	0.141	95	15.585	27.844	130.782
METTL3	32	-0.113	0.007	23	-9.685	18.544	144.529
METTL3	33	-0.119	0.0	18	-2.370	12.343	111.152
METTL3	34	-0.16	0.001	18	22.320	27.291	153.313
METTL3	35	-0.211	0.027	125	28.561	23.147	143.571
METTL3	36	-0.247	0.004	61	15.270	40.803	123.665
METTL14	1	0.227	0.096	106	8.134	8.190	131.640
METTL14	2	0.138	0.013	33	21.662	22.310	137.760
METTL14	3	0.076	0.0	15	-3.696	27.246	145.057
METTL14	4	0.07	0.039	27	-6.271	26.607	135.854
METTL14	5	0.069	0.001	16	-7.784	15.079	127.452
METTL14	6	0.067	0.48	52	-2.835	39.516	133.520
METTL14	7	0.065	0.002	22	8.714	29.638	152.618
METTL14	8	0.048	0.263	37	32.391	9.539	141.166
METTL14	9	0.041	0.001	16	16.489	1.133	148.508
METTL14	10	0.035	0.001	19	-10.296	28.061	126.413
METTL14	11	-0.0	0.727	45	8.712	41.007	132.516
METTL14	12	-0.008	0.001	29	37.508	12.921	134.894
METTL14	13	-0.016	0.033	29	12.158	33.993	145.143
METTL14	14	-0.017	0.001	24	47.240	8.706	146.582
METTL14	15	-0.024	0.006	19	-0.467	22.018	106.363
METTL14	16	-0.026	0.008	19	4.187	24.027	157.322
METTL14	17	-0.027	0.008	24	-2.884	46.929	122.094
METTL14	18	-0.027	0.001	18	-18.200	23.679	119.889
METTL14	19	-0.032	0.031	31	10.091	2.130	142.958
METTL14	20	-0.042	0.0	19	14.381	24.720	154.423
METTL14	21	-0.052	0.001	30	-0.666	48.967	134.258
METTL14	22	-0.055	0.0	23	4.349	51.688	127.330
METTL14	23	-0.059	0.0	52	-6.109	15.277	137.372
METTL14	24	-0.063	0.0	16	-3.281	42.372	143.856
METTL14	25	-0.076	0.001	17	1.137	13.514	153.533
METTL14	26	-0.077	0.032	20	32.473	19.275	156.105
METTL14	27	-0.077	0.0	22	-2.229	7.503	116.486
METTL14	28	-0.09	0.58	42	28.232	5.638	158.499
METTL14	29	-0.096	0.005	18	14.031	17.474	123.199
METTL14	30	-0.098	0.017	30	6.027	39.186	140.904
METTL14	31	-0.104	0.141	95	15.585	27.844	130.782
METTL14	32	-0.113	0.007	23	-9.685	18.544	144.529
METTL14	33	-0.119	0.0	18	-2.370	12.343	111.152
METTL14	34	-0.16	0.001	18	22.320	27.291	153.313
METTL14	35	-0.211	0.027	125	28.561	23.147	143.571
METTL14	36	-0.247	0.004	61	15.270	40.803	123.665
WTAP	1	0.261	0.013	137	26.846	-18.345	14.211
WTAP	2	0.236	0.016	68	4.588	-23.355	19.296
WTAP	3	0.146	0.003	22	27.375	3.483	5.670
WTAP	4	0.113	0.001	16	0.357	-44.286	15.095
WTAP	5	0.099	0.008	78	5.782	-15.135	11.857
WTAP	6	0.099	0.024	65	15.605	-18.007	21.329
WTAP	7	0.087	0.104	23	21.912	-45.175	18.520
WTAP	8	0.068	0.0	18	-4.726	-41.366	23.078
WTAP	9	0.055	0.0	35	27.478	-24.263	5.913
WTAP	10	0.047	0.003	23	19.476	5.521	6.191
WTAP	11	0.042	0.0	16	24.733	12.630	10.141
WTAP	12	0.021	0.066	23	7.632	-48.583	26.987
WTAP	13	0.008	0.001	23	24.127	7.539	25.906
WTAP	14	-0.003	0.002	30	7.999	-33.148	29.495
WTAP	15	-0.006	0.0	15	12.932	-42.108	11.337
WTAP	16	-0.019	0.0	21	17.510	-28.890	11.751
WTAP	17	-0.023	0.0	25	33.737	-25.296	10.491
WTAP	18	-0.03	0.001	22	28.848	-23.978	24.405
WTAP	19	-0.041	0.0	24	31.033	-3.449	18.337
WTAP	20	-0.042	0.0	24	1.618	-32.733	24.828
WTAP	21	-0.042	0.011	16	20.979	-40.773	14.161
WTAP	22	-0.042	0.001	19	10.406	-41.841	32.798
WTAP	23	-0.048	0.002	25	36.280	3.986	13.431
WTAP	24	-0.057	0.004	23	-0.269	-23.912	15.164
WTAP	25	-0.065	0.002	16	26.555	-2.702	22.787
WTAP	26	-0.068	0.008	16	8.978	7.877	14.568
WTAP	27	-0.085	0.391	30	8.408	2.894	11.274
WTAP	28	-0.086	0.001	21	32.966	12.309	12.820
WTAP	29	-0.092	0.006	24	3.705	-11.687	25.340
WTAP	30	-0.098	0.001	23	-1.412	-49.740	23.166
WTAP	31	-0.157	0.0	24	11.818	-8.635	8.375
VIRMA	1	0.356	0.005	42	7.275	-7.129	34.929
VIRMA	2	0.262	0.433	139	-5.267	19.210	-8.762
VIRMA	3	0.219	0.138	96	37.315	-8.159	-25.145
VIRMA	4	0.179	0.037	132	5.366	12.563	-5.279
VIRMA	5	0.144	0.003	32	-10.414	-24.998	18.139
VIRMA	6	0.134	0.026	34	-30.827	-16.533	48.298
VIRMA	7	0.124	0.067	58	-19.121	-9.910	47.525
VIRMA	8	0.123	0.005	45	39.607	19.848	-27.831
VIRMA	9	0.116	0.023	74	23.628	0.689	-10.211
VIRMA	10	0.096	0.001	18	-0.453	-16.971	-22.271
VIRMA	11	0.094	0.001	16	4.664	13.340	15.018
VIRMA	12	0.085	0.005	56	-17.225	-19.260	19.375
VIRMA	13	0.085	0.002	37	-10.027	-3.630	36.888
VIRMA	14	0.069	0.002	15	-9.315	-11.554	44.440
VIRMA	15	0.061	0.027	39	-2.409	9.612	-21.698
VIRMA	16	0.057	0.001	15	-7.586	-19.767	25.469
VIRMA	17	0.052	0.066	55	33.157	-11.107	-12.339
VIRMA	18	0.041	0.023	52	-19.050	-24.492	31.577
VIRMA	19	0.04	0.0	22	-24.053	-15.726	51.785
VIRMA	20	0.038	0.006	35	-21.307	-10.522	-0.077
VIRMA	21	0.038	0.007	15	-16.690	25.623	-34.086
VIRMA	22	0.037	0.001	18	0.716	6.425	-28.173
VIRMA	23	0.033	0.001	49	-22.580	20.641	27.155
VIRMA	24	0.033	0.003	48	-13.511	-20.504	10.390
VIRMA	25	0.033	0.0	15	-19.034	-3.068	45.046
VIRMA	26	0.029	0.015	22	32.174	4.735	-29.328
VIRMA	27	0.028	0.012	22	60.782	24.869	-8.477
VIRMA	28	0.026	0.001	22	5.834	3.071	32.117
VIRMA	29	0.023	0.001	41	-33.180	5.073	4.476
VIRMA	30	0.019	0.0	15	4.232	19.572	20.336
VIRMA	31	0.017	0.047	34	18.631	-0.068	-5.771
VIRMA	32	0.015	0.0	22	-27.165	18.445	-1.863
VIRMA	33	0.014	0.0	18	21.091	-2.451	1.893
VIRMA	34	0.014	0.001	15	6.923	-27.209	31.561
VIRMA	35	0.013	0.001	21	-1.091	-29.965	35.918
VIRMA	36	0.012	0.061	40	-9.107	-1.043	18.763
VIRMA	37	0.012	0.002	17	-7.513	23.563	13.971
VIRMA	38	0.012	0.0	25	6.484	-45.108	8.226
VIRMA	39	0.011	0.0	16	-4.696	-35.583	28.519
VIRMA	40	0.006	0.002	28	58.895	8.970	-5.998
VIRMA	41	0.005	0.0	19	-31.485	41.868	-8.668
VIRMA	42	0.002	0.002	26	-28.496	-0.008	43.724
VIRMA	43	0.001	0.0	25	-0.773	-20.795	-17.165
VIRMA	44	0.001	0.0	41	20.817	20.613	-23.681
VIRMA	45	-0.001	0.0	23	11.874	12.824	-28.774
VIRMA	46	-0.005	0.012	32	9.442	-12.216	-27.890
VIRMA	47	-0.005	0.001	22	7.295	-35.093	8.305
VIRMA	48	-0.006	0.0	29	-17.396	60.227	-17.687
VIRMA	49	-0.008	0.063	48	-20.096	16.335	-5.869
VIRMA	50	-0.011	0.008	54	-13.453	-7.150	30.337
VIRMA	51	-0.012	0.003	51	42.213	-7.693	-13.356
VIRMA	52	-0.012	0.001	17	-10.503	21.010	-20.545
VIRMA	53	-0.012	0.0	18	-17.640	-67.461	-10.922
VIRMA	54	-0.013	0.0	19	-3.149	9.972	32.710
VIRMA	55	-0.014	0.001	22	9.591	-9.008	30.463
VIRMA	56	-0.019	0.0	24	-13.688	-18.479	47.957
VIRMA	57	-0.019	0.001	21	-1.767	18.953	23.412
VIRMA	58	-0.02	0.001	16	31.846	-15.766	-15.718
VIRMA	59	-0.021	0.0	18	-0.832	-15.973	-28.820
VIRMA	60	-0.023	0.0	21	9.693	24.983	-38.654
VIRMA	61	-0.025	0.0	16	34.121	33.800	42.194
VIRMA	62	-0.025	0.001	22	38.318	21.220	15.925
VIRMA	63	-0.027	0.0	17	-38.417	11.364	30.674
VIRMA	64	-0.027	0.163	120	-12.539	12.669	1.610
VIRMA	65	-0.027	0.191	41	-32.484	17.750	25.320
VIRMA	66	-0.031	0.0	18	52.068	-4.070	-7.165
VIRMA	67	-0.031	0.0	22	-73.392	33.662	34.699
VIRMA	68	-0.033	0.0	21	-13.872	-6.009	42.642
VIRMA	69	-0.034	0.0	15	-74.790	-5.301	16.589
VIRMA	70	-0.035	0.0	16	-1.478	24.069	-39.060
VIRMA	71	-0.035	0.001	19	-31.308	-27.440	41.389
VIRMA	72	-0.036	0.0	34	44.458	19.901	18.148
VIRMA	73	-0.036	0.01	27	-10.071	-29.640	15.655
VIRMA	74	-0.037	0.001	20	44.622	21.144	-6.297
VIRMA	75	-0.038	0.0	23	-73.520	-3.330	10.730
VIRMA	76	-0.038	0.001	16	-45.076	34.760	-25.707
VIRMA	77	-0.038	0.0	22	-13.019	8.422	9.133
VIRMA	78	-0.04	0.002	30	50.966	21.694	-23.097
VIRMA	79	-0.04	0.0	29	-47.760	-27.452	4.270
VIRMA	80	-0.045	0.0	15	17.961	19.024	-15.807
VIRMA	81	-0.048	0.004	16	-11.876	21.017	-16.419
VIRMA	82	-0.049	0.0	15	-9.557	6.242	-19.969
VIRMA	83	-0.051	0.0	46	-1.401	-21.951	41.925
VIRMA	84	-0.053	0.0	25	-17.357	-16.244	8.146
VIRMA	85	-0.055	0.0	26	-29.184	-6.146	0.082
VIRMA	86	-0.056	0.0	25	-29.193	5.227	20.522
VIRMA	87	-0.056	0.0	17	15.541	20.388	13.561
VIRMA	88	-0.057	0.008	96	12.295	15.413	-2.733
VIRMA	89	-0.057	0.0	18	-4.164	-34.707	-11.415
VIRMA	90	-0.059	0.0	19	1.813	-14.478	15.545
VIRMA	91	-0.059	0.0	54	34.039	18.806	-36.802
VIRMA	92	-0.059	0.0	20	0.307	-37.506	4.086
VIRMA	93	-0.066	0.0	19	-36.396	-12.475	26.855
VIRMA	94	-0.066	0.0	20	19.928	12.150	-18.971
VIRMA	95	-0.067	0.0	17	-31.575	0.087	25.583
VIRMA	96	-0.068	0.0	22	15.974	14.571	-8.750
VIRMA	97	-0.069	0.0	17	-3.292	53.237	-17.453
VIRMA	98	-0.07	0.002	21	20.901	12.418	21.762
VIRMA	99	-0.07	0.0	15	-75.629	34.379	28.528
VIRMA	100	-0.076	0.0	18	-1.136	0.697	13.810
VIRMA	101	-0.077	0.001	24	-11.428	19.066	24.062
VIRMA	102	-0.08	0.013	42	22.414	10.997	29.850
VIRMA	103	-0.082	0.003	36	-33.869	14.761	0.784
VIRMA	104	-0.082	0.003	24	10.259	15.049	22.984
VIRMA	105	-0.083	0.0	16	33.307	23.884	11.265
VIRMA	106	-0.083	0.0	32	16.662	-4.458	29.964
VIRMA	107	-0.084	0.0	16	-14.108	-6.113	4.216
VIRMA	108	-0.085	0.0	20	-9.821	-29.131	41.669
VIRMA	109	-0.085	0.0	15	-30.782	21.329	-25.116
VIRMA	110	-0.086	0.0	26	-58.575	-44.878	-3.231
VIRMA	111	-0.088	0.0	20	29.661	17.251	17.268
VIRMA	112	-0.091	0.007	23	-14.236	-37.306	32.570
VIRMA	113	-0.095	0.0	17	-55.261	-7.202	-11.273
VIRMA	114	-0.098	0.0	21	-61.029	-41.863	-16.291
VIRMA	115	-0.098	0.001	18	-12.438	-13.605	-9.350
VIRMA	116	-0.099	0.0	15	-31.292	-10.646	38.803
VIRMA	117	-0.1	0.0	37	20.763	-35.907	-5.563
VIRMA	118	-0.101	0.0	16	59.761	3.212	-9.192
VIRMA	119	-0.103	0.0	15	-53.444	-13.372	33.474
VIRMA	120	-0.105	0.001	27	29.920	11.163	-43.040
VIRMA	121	-0.108	0.0	28	-12.404	-15.384	25.242
VIRMA	122	-0.111	0.0	16	-60.381	-2.888	-7.392
VIRMA	123	-0.113	0.0	15	55.453	30.338	-4.391
VIRMA	124	-0.117	0.0	21	64.575	12.854	-23.520
VIRMA	125	-0.121	0.0	18	-57.796	60.377	3.283
VIRMA	126	-0.125	0.001	19	7.321	-3.564	-31.499
VIRMA	127	-0.126	0.002	17	-22.942	25.680	13.850
VIRMA	128	-0.13	0.0	15	-33.018	-22.125	-51.926
VIRMA	129	-0.131	0.0	27	-54.129	55.697	1.326
VIRMA	130	-0.133	0.0	44	2.784	-33.615	-13.735
VIRMA	131	-0.135	0.0	16	-9.666	25.195	4.066
VIRMA	132	-0.136	0.0	16	14.525	13.237	17.877
VIRMA	133	-0.138	0.0	15	4.926	-51.599	-12.687
VIRMA	134	-0.141	0.015	20	9.095	16.838	-15.118
VIRMA	135	-0.147	0.005	42	-3.535	10.910	10.943
VIRMA	136	-0.148	0.0	18	-39.646	-41.698	11.288
VIRMA	137	-0.15	0.059	70	-9.747	-12.975	1.373
VIRMA	138	-0.154	0.0	26	50.980	46.388	28.581
VIRMA	139	-0.156	0.004	29	-37.007	11.760	14.316
VIRMA	140	-0.157	0.0	16	-1.986	-25.727	8.337
VIRMA	141	-0.16	0.001	70	-47.540	49.620	2.224
VIRMA	142	-0.17	0.0	18	-61.586	-42.519	-9.343
VIRMA	143	-0.18	0.0	35	26.926	-10.209	-3.920
VIRMA	144	-0.186	0.0	21	-30.725	27.750	6.060
VIRMA	145	-0.189	0.071	61	-7.336	34.666	1.186
VIRMA	146	-0.193	0.002	32	-7.746	-6.143	-2.937
VIRMA	147	-0.205	0.0	16	-43.690	49.111	3.551
VIRMA	148	-0.219	0.001	21	-36.028	11.871	22.414
VIRMA	149	-0.242	0.062	77	-37.822	22.136	13.871
VIRMA	150	-0.257	0.0	17	23.567	5.456	20.144
VIRMA	151	-0.262	0.0	30	-30.628	-2.967	36.103
VIRMA	152	-0.263	0.0	34	-39.455	-28.775	9.753
VIRMA	153	-0.275	0.0	15	-34.593	36.251	0.212
VIRMA	154	-0.289	0.005	61	8.591	16.432	9.074
VIRMA	155	-0.35	0.13	62	-13.877	30.606	9.791
VIRMA	156	-0.369	0.0	114	-25.444	6.256	28.429
VIRMA	157	-0.477	0.0	47	0.175	-27.360	15.917
VIRMA	158	-0.496	0.0	98	-23.504	30.796	-19.432
ZC3H13	1	0.145	0.0	39	-7.043	23.994	-10.927
ZC3H13	2	0.127	0.0	18	-11.551	-28.366	38.078
ZC3H13	3	0.12	0.037	27	-9.534	-25.244	2.922
ZC3H13	4	0.102	0.0	45	-26.453	2.699	-39.562
ZC3H13	5	0.091	0.0	47	23.624	19.784	-38.477
ZC3H13	6	0.091	0.0	53	22.376	-9.622	-16.356
ZC3H13	7	0.087	0.003	20	50.019	20.056	-45.541
ZC3H13	8	0.076	0.0	25	48.191	16.503	-11.813
ZC3H13	9	0.075	0.02	20	74.524	-40.405	16.518
ZC3H13	10	0.066	0.0	20	-28.592	-6.514	-16.280
ZC3H13	11	0.058	0.0	26	-1.113	28.116	-49.122
ZC3H13	12	0.055	0.0	27	18.342	14.205	-44.255
ZC3H13	13	0.052	0.001	17	17.590	48.956	12.209
ZC3H13	14	0.049	0.001	19	-12.731	5.849	-8.045
ZC3H13	15	0.049	0.0	15	-15.670	-34.385	-43.760
ZC3H13	16	0.039	0.005	27	30.112	19.649	-33.514
ZC3H13	17	0.028	0.0	29	-2.943	49.771	4.970
ZC3H13	18	0.027	0.0	15	4.353	31.583	-39.089
ZC3H13	19	0.024	0.002	21	-1.135	26.145	28.428
ZC3H13	20	0.02	0.0	15	-7.302	-44.570	-17.062
ZC3H13	21	0.019	0.0	37	34.668	-1.866	-57.015
ZC3H13	22	0.015	0.0	17	-17.854	20.201	-21.553
ZC3H13	23	0.014	0.0	29	14.118	64.825	-1.884
ZC3H13	24	0.014	0.0	18	-7.436	34.541	-1.284
ZC3H13	25	0.014	0.008	23	-18.059	-25.397	43.754
ZC3H13	26	0.008	0.0	18	5.303	-27.366	-66.869
ZC3H13	27	0.008	0.0	17	-14.904	24.826	-15.577
ZC3H13	28	0.007	0.001	16	-8.109	38.702	54.489
ZC3H13	29	0.006	0.0	21	29.144	22.937	13.066
ZC3H13	30	0.004	0.0	17	18.785	60.368	31.210
ZC3H13	31	0.004	0.0	22	2.238	23.901	19.646
ZC3H13	32	0.002	0.001	39	5.603	-32.551	-67.124
ZC3H13	33	0.001	0.001	31	-10.918	22.151	-21.089
ZC3H13	34	0.0	0.001	23	28.783	32.124	12.152
ZC3H13	35	-0.003	0.0	17	23.921	-33.562	-37.414
ZC3H13	36	-0.004	0.0	20	30.799	50.055	31.349
ZC3H13	37	-0.004	0.005	23	23.033	79.091	-16.084
ZC3H13	38	-0.005	0.0	34	13.562	63.420	21.449
ZC3H13	39	-0.01	0.0	20	-10.966	-52.345	22.198
ZC3H13	40	-0.011	0.002	19	20.900	51.346	-16.032
ZC3H13	41	-0.013	0.0	20	-0.857	47.968	1.293
ZC3H13	42	-0.015	0.0	16	4.882	-7.791	-35.147
ZC3H13	43	-0.015	0.0	31	4.543	-4.906	-29.967
ZC3H13	44	-0.016	0.001	22	30.350	27.790	7.538
ZC3H13	45	-0.017	0.0	23	-3.421	37.095	2.871
ZC3H13	46	-0.018	0.0	28	23.759	16.881	-17.378
ZC3H13	47	-0.019	0.0	25	1.803	59.412	-51.123
ZC3H13	48	-0.021	0.0	15	39.748	-15.257	11.113
ZC3H13	49	-0.022	0.001	18	56.674	-3.266	-4.577
ZC3H13	50	-0.023	0.0	18	-10.397	31.876	-6.774
ZC3H13	51	-0.026	0.0	21	29.864	9.344	1.301
ZC3H13	52	-0.026	0.0	15	31.824	21.786	4.264
ZC3H13	53	-0.027	0.002	26	8.781	43.476	-27.787
ZC3H13	54	-0.027	0.0	25	-29.601	-48.791	23.684
ZC3H13	55	-0.028	0.002	15	-3.995	20.562	13.611
ZC3H13	56	-0.029	0.0	22	25.854	18.765	6.563
ZC3H13	57	-0.03	0.0	16	24.576	14.178	-42.421
ZC3H13	58	-0.031	0.0	19	31.334	43.002	28.117
ZC3H13	59	-0.032	0.049	34	41.503	-43.915	-73.663
ZC3H13	60	-0.034	0.0	15	-19.098	-79.237	-12.602
ZC3H13	61	-0.034	0.0	22	42.806	19.041	-45.027
ZC3H13	62	-0.037	0.002	17	-22.163	-42.349	-81.926
ZC3H13	63	-0.039	0.004	31	18.070	80.580	-8.679
ZC3H13	64	-0.04	0.0	15	-0.100	31.886	-55.564
ZC3H13	65	-0.041	0.0	35	27.997	-5.722	-53.232
ZC3H13	66	-0.042	0.0	17	-0.049	-68.489	1.639
ZC3H13	67	-0.045	0.0	15	28.745	19.177	-0.028
ZC3H13	68	-0.045	0.0	20	28.850	29.478	-11.269
ZC3H13	69	-0.048	0.0	16	-6.675	-20.533	11.162
ZC3H13	70	-0.049	0.0	19	-31.986	9.260	15.918
ZC3H13	71	-0.051	0.0	16	17.462	-15.912	13.525
ZC3H13	72	-0.052	0.001	18	-32.151	-13.661	49.278
ZC3H13	73	-0.052	0.0	28	13.797	4.431	22.581
ZC3H13	74	-0.052	0.0	18	-31.048	2.977	-15.923
ZC3H13	75	-0.053	0.0	15	-4.448	-75.962	-26.565
ZC3H13	76	-0.054	0.0	22	7.173	34.557	-39.506
ZC3H13	77	-0.054	0.0	34	-13.116	-24.545	48.793
ZC3H13	78	-0.055	0.001	17	8.112	81.885	-11.763
ZC3H13	79	-0.057	0.0	18	75.784	-9.084	20.155
ZC3H13	80	-0.059	0.005	16	-36.993	-15.127	-2.460
ZC3H13	81	-0.059	0.001	16	55.202	24.890	32.950
ZC3H13	82	-0.06	0.002	17	-7.690	30.162	37.866
ZC3H13	83	-0.06	0.002	15	-42.927	63.705	25.594
ZC3H13	84	-0.061	0.0	18	8.638	-9.205	31.546
ZC3H13	85	-0.067	0.0	22	32.682	26.333	-36.505
ZC3H13	86	-0.068	0.0	18	14.524	31.085	13.972
ZC3H13	87	-0.069	0.0	26	-41.511	-18.512	36.601
ZC3H13	88	-0.069	0.0	20	27.275	19.740	-18.976
ZC3H13	89	-0.07	0.0	16	-53.643	-25.705	-7.543
ZC3H13	90	-0.07	0.001	25	-25.502	8.762	13.246
ZC3H13	91	-0.07	0.001	41	7.755	55.132	14.912
ZC3H13	92	-0.07	0.0	35	-26.493	-64.125	11.958
ZC3H13	93	-0.071	0.002	16	55.817	-11.507	2.924
ZC3H13	94	-0.073	0.0	16	47.130	18.230	-49.088
ZC3H13	95	-0.074	0.0	22	16.397	-39.995	-56.530
ZC3H13	96	-0.076	0.0	23	63.162	0.992	-66.675
ZC3H13	97	-0.076	0.013	38	-34.120	-19.354	-8.526
ZC3H13	98	-0.078	0.0	24	-3.235	-55.530	13.623
ZC3H13	99	-0.078	0.001	19	40.422	-25.172	7.636
ZC3H13	100	-0.079	0.0	24	71.560	-6.756	-48.272
ZC3H13	101	-0.079	0.0	20	-1.973	33.687	-8.155
ZC3H13	102	-0.08	0.0	22	-2.146	-31.544	-5.256
ZC3H13	103	-0.081	0.0	21	-28.032	-1.684	-17.723
ZC3H13	104	-0.082	0.001	19	-20.824	12.242	9.547
ZC3H13	105	-0.083	0.0	17	51.489	19.440	-40.654
ZC3H13	106	-0.084	0.0	15	2.557	-29.532	9.503
ZC3H13	107	-0.085	0.0	24	-47.652	-36.975	-69.362
ZC3H13	108	-0.086	0.0	15	9.121	-11.861	-2.036
ZC3H13	109	-0.087	0.0	16	30.091	-2.641	-32.213
ZC3H13	110	-0.087	0.0	16	50.887	16.341	-74.140
ZC3H13	111	-0.087	0.0	20	10.292	-34.446	-59.158
ZC3H13	112	-0.089	0.001	66	43.883	57.213	-6.223
ZC3H13	113	-0.09	0.0	16	-1.062	36.415	-51.288
ZC3H13	114	-0.09	0.0	24	27.300	-40.812	-41.828
ZC3H13	115	-0.091	0.043	64	39.367	19.938	-24.356
ZC3H13	116	-0.092	0.001	29	12.047	59.185	21.988
ZC3H13	117	-0.095	0.0	20	-12.057	-19.542	-68.553
ZC3H13	118	-0.096	0.004	19	-35.680	-50.219	-9.029
ZC3H13	119	-0.096	0.0	20	23.017	29.261	-73.505
ZC3H13	120	-0.098	0.0	19	50.066	-44.062	6.303
ZC3H13	121	-0.1	0.0	25	-24.059	-12.688	-71.650
ZC3H13	122	-0.103	0.0	29	3.149	45.468	-25.738
ZC3H13	123	-0.105	0.0	28	47.679	-12.759	-32.188
ZC3H13	124	-0.106	0.0	18	-38.479	7.127	30.790
ZC3H13	125	-0.108	0.002	47	46.274	54.540	-11.130
ZC3H13	126	-0.11	0.0	17	57.980	-21.035	0.363
ZC3H13	127	-0.112	0.0	17	63.239	-13.623	-35.638
ZC3H13	128	-0.112	0.0	19	50.062	-43.922	23.640
ZC3H13	129	-0.116	0.0	15	-57.082	-0.185	-16.543
ZC3H13	130	-0.116	0.0	19	-4.981	8.743	-51.840
ZC3H13	131	-0.117	0.0	16	43.338	51.967	-14.835
ZC3H13	132	-0.119	0.0	17	16.427	-34.328	-28.687
ZC3H13	133	-0.121	0.001	18	-3.098	13.979	-1.312
ZC3H13	134	-0.122	0.001	17	-24.659	-15.152	5.625
ZC3H13	135	-0.122	0.0	23	-17.301	-16.084	-69.822
ZC3H13	136	-0.125	0.0	16	39.797	23.426	-21.187
ZC3H13	137	-0.125	0.0	21	29.574	9.547	-27.337
ZC3H13	138	-0.126	0.0	17	-27.390	-3.637	-70.192
ZC3H13	139	-0.128	0.0	28	56.214	-14.509	-33.360
ZC3H13	140	-0.129	0.0	15	-26.881	-75.364	-10.101
ZC3H13	141	-0.13	0.4	78	-30.929	-10.899	11.763
ZC3H13	142	-0.134	0.0	21	73.685	-5.609	-55.622
ZC3H13	143	-0.135	0.0	19	-26.709	3.984	-14.263
ZC3H13	144	-0.135	0.006	45	-39.850	5.450	10.070
ZC3H13	145	-0.139	0.0	16	48.144	9.393	-17.097
ZC3H13	146	-0.141	0.001	15	-50.125	40.718	13.311
ZC3H13	147	-0.145	0.0	15	-24.261	-7.977	-74.526
ZC3H13	148	-0.145	0.017	36	-29.374	-61.202	5.763
ZC3H13	149	-0.147	0.001	15	-32.968	-11.193	23.135
ZC3H13	150	-0.148	0.0	19	14.974	-45.393	10.814
ZC3H13	151	-0.148	0.0	36	47.273	22.716	-16.281
ZC3H13	152	-0.149	0.0	15	45.847	55.664	-18.390
ZC3H13	153	-0.162	0.01	73	-35.625	12.723	21.092
ZC3H13	154	-0.17	0.0	27	-23.566	-47.658	27.379
ZC3H13	155	-0.172	0.0	19	5.927	12.746	-53.624
ZC3H13	156	-0.189	0.0	24	3.891	-60.456	15.092
ZC3H13	157	-0.19	0.0	35	31.056	-48.084	-22.642
ZC3H13	158	-0.191	0.0	30	29.039	40.894	23.038
ZC3H13	159	-0.191	0.0	17	-38.524	-6.118	38.822
ZC3H13	160	-0.193	0.001	23	61.407	-13.840	-29.510
ZC3H13	161	-0.194	0.02	27	30.336	-61.145	-77.411
ZC3H13	162	-0.203	0.0	27	35.535	47.233	26.217
ZC3H13	163	-0.216	0.134	33	-32.605	-15.665	-1.327
ZC3H13	164	-0.229	0.0	16	24.115	-37.205	-32.912
ZC3H13	165	-0.236	0.0	19	-64.005	-6.019	-8.520
ZC3H13	166	-0.242	0.001	45	3.923	-19.085	9.714
ZC3H13	167	-0.253	0.0	34	33.970	20.804	-39.990
ZC3H13	168	-0.263	0.126	131	-22.228	-16.000	12.992
ZC3H13	169	-0.271	0.0	127	26.827	10.611	-12.629
ZC3H13	170	-0.273	0.94	64	-24.861	-23.495	-2.895
ZC3H13	171	-0.312	0.0	51	-1.668	5.607	-12.686
ZC3H13	172	-0.314	0.0	33	14.508	56.988	7.975
RBM15	1	0.154	0.915	47	-20.755	-5.202	15.666
RBM15	2	0.119	0.001	32	-5.637	20.042	-8.403
RBM15	3	0.092	0.134	88	5.781	2.133	2.459
RBM15	4	0.056	0.05	17	32.210	55.077	-47.686
RBM15	5	0.051	0.0	21	17.370	18.647	2.189
RBM15	6	0.049	0.003	31	-29.938	-2.862	1.580
RBM15	7	0.046	0.001	20	1.767	49.107	2.528
RBM15	8	0.044	0.0	28	3.049	-17.215	6.674
RBM15	9	0.041	0.0	23	13.683	6.363	-27.817
RBM15	10	0.018	0.002	16	25.336	43.596	29.783
RBM15	11	0.018	0.199	32	4.831	15.173	-32.239
RBM15	12	0.016	0.01	35	-25.457	-6.845	22.813
RBM15	13	0.015	0.0	70	-3.634	16.956	-19.323
RBM15	14	0.013	0.015	36	-37.761	17.460	16.403
RBM15	15	0.01	0.017	20	-19.748	7.839	-0.400
RBM15	16	0.01	0.001	22	-39.281	9.612	7.201
RBM15	17	0.009	0.004	16	-32.742	-8.836	18.891
RBM15	18	0.008	0.0	16	5.263	-6.854	-64.572
RBM15	19	0.007	0.001	18	20.343	-29.995	16.527
RBM15	20	0.007	0.0	16	-30.819	4.571	28.350
RBM15	21	0.002	0.0	20	31.956	-15.292	8.114
RBM15	22	-0.001	0.0	24	-23.001	17.855	3.480
RBM15	23	-0.005	0.0	17	-23.817	17.759	18.874
RBM15	24	-0.01	0.003	24	13.773	8.306	-17.596
RBM15	25	-0.01	0.016	19	-6.311	6.801	-29.408
RBM15	26	-0.01	0.005	17	-13.930	16.183	6.327
RBM15	27	-0.011	0.0	111	-1.322	16.120	-9.670
RBM15	28	-0.016	0.004	18	19.905	-33.027	2.477
RBM15	29	-0.02	0.0	22	-15.266	-16.171	11.147
RBM15	30	-0.02	0.006	23	-19.389	0.419	5.091
RBM15	31	-0.02	0.012	29	-33.531	17.205	7.376
RBM15	32	-0.026	0.214	32	0.897	-35.291	-31.865
RBM15	33	-0.03	0.008	18	-16.983	-24.554	3.668
RBM15	34	-0.034	0.002	23	29.089	54.510	-52.484
RBM15	35	-0.034	0.0	27	39.791	53.352	-38.871
RBM15	36	-0.039	0.0	16	-15.221	29.748	12.991
RBM15	37	-0.041	0.0	15	-7.357	25.876	15.101
RBM15	38	-0.042	0.0	15	4.861	-32.651	42.007
RBM15	39	-0.048	0.003	36	-36.713	-3.291	9.518
RBM15	40	-0.052	0.0	15	18.991	-22.972	-19.880
RBM15	41	-0.053	0.002	22	9.811	-28.831	-37.279
RBM15	42	-0.055	0.0	24	-9.959	14.747	5.363
RBM15	43	-0.058	0.0	15	23.395	-28.042	-0.120
RBM15	44	-0.061	0.0	16	5.144	-31.630	2.144
RBM15	45	-0.063	0.009	20	53.519	1.648	-12.521
RBM15	46	-0.07	0.0	18	47.080	-19.853	-37.776
RBM15	47	-0.074	0.048	17	49.302	-0.246	-45.991
RBM15	48	-0.075	0.0	15	-5.612	20.826	7.710
RBM15	49	-0.079	0.0	19	6.957	-1.574	14.780
RBM15	50	-0.079	0.023	27	0.535	-29.045	-31.404
RBM15	51	-0.089	0.001	16	-13.307	5.873	25.266
RBM15	52	-0.095	0.001	17	-13.975	4.371	14.917
RBM15	53	-0.099	0.001	20	27.195	-23.504	8.359
RBM15	54	-0.103	0.001	15	-21.094	13.471	23.423
RBM15	55	-0.105	0.0	15	-37.846	5.267	19.455
RBM15	56	-0.114	0.0	15	-17.169	42.076	-16.735
RBM15	57	-0.115	0.012	21	4.045	-4.706	-15.942
RBM15	58	-0.117	0.0	25	21.592	-34.556	16.056
RBM15	59	-0.123	0.0	19	41.237	-7.959	-8.502
RBM15	60	-0.126	0.0	17	24.877	-5.892	-8.588
RBM15	61	-0.13	0.007	28	-21.167	-11.206	6.762
RBM15	62	-0.137	0.008	21	-20.853	-19.819	3.592
RBM15	63	-0.143	0.0	20	-61.422	10.354	-17.627
RBM15	64	-0.144	0.041	18	6.050	-27.807	-26.197
RBM15	65	-0.192	0.018	34	21.567	1.131	-9.676
RBM15B	1	0.214	0.001	37	-12.280	-31.933	33.590
RBM15B	2	0.211	0.003	33	-12.646	9.466	28.171
RBM15B	3	0.208	0.0	33	-9.619	-5.027	0.243
RBM15B	4	0.187	0.012	32	6.370	13.445	-27.213
RBM15B	5	0.186	0.003	27	3.386	6.986	4.534
RBM15B	6	0.185	0.002	30	-1.456	-3.887	-9.048
RBM15B	7	0.183	0.0	51	-22.785	-23.116	-21.847
RBM15B	8	0.175	0.001	22	20.200	-0.984	-47.742
RBM15B	9	0.161	0.002	21	66.723	-20.440	-16.492
RBM15B	10	0.15	0.001	40	-69.009	4.947	29.097
RBM15B	11	0.145	0.003	56	9.267	2.527	-39.828
RBM15B	12	0.144	0.001	54	24.804	13.720	-6.785
RBM15B	13	0.133	0.01	36	15.293	-8.408	-39.075
RBM15B	14	0.129	0.001	46	44.658	14.763	44.780
RBM15B	15	0.12	0.0	29	-38.547	-19.618	-37.292
RBM15B	16	0.112	0.0	21	19.633	-34.683	-6.637
RBM15B	17	0.109	0.001	49	-23.074	-6.012	26.645
RBM15B	18	0.096	0.001	45	21.829	12.693	-37.409
RBM15B	19	0.095	0.002	21	-41.442	-10.370	33.332
RBM15B	20	0.094	0.001	19	-15.821	0.496	48.127
RBM15B	21	0.092	0.0	17	7.008	-5.728	-26.240
RBM15B	22	0.091	0.0	32	-51.360	-31.493	58.262
RBM15B	23	0.091	0.0	19	-0.619	-13.765	1.072
RBM15B	24	0.091	0.001	23	-54.411	10.899	-6.793
RBM15B	25	0.09	0.001	27	5.800	13.807	-4.562
RBM15B	26	0.089	0.0	17	-38.415	-2.646	30.542
RBM15B	27	0.085	0.0	31	19.813	-39.900	-6.817
RBM15B	28	0.083	0.033	33	20.787	-0.959	-16.063
RBM15B	29	0.076	0.001	19	-31.157	-11.219	12.467
RBM15B	30	0.064	0.001	15	-1.989	-19.700	38.907
RBM15B	31	0.059	0.001	16	2.487	-15.766	35.584
RBM15B	32	0.057	0.0	20	0.361	-18.656	-5.149
RBM15B	33	0.056	0.002	17	-61.228	26.243	-8.632
RBM15B	34	0.056	0.0	19	2.859	3.010	-29.484
RBM15B	35	0.052	0.0	20	-61.931	-41.036	0.491
RBM15B	36	0.05	0.001	18	-26.629	53.949	25.955
RBM15B	37	0.05	0.0	20	32.806	19.909	-8.542
RBM15B	38	0.044	0.001	19	13.374	39.788	-12.500
RBM15B	39	0.043	0.0	20	33.095	65.380	3.690
RBM15B	40	0.037	0.0	15	15.706	-0.731	-2.250
RBM15B	41	0.036	0.0	18	-18.993	-1.556	-29.662
RBM15B	42	0.029	0.002	17	-16.868	-30.280	42.313
RBM15B	43	0.027	0.0	16	-21.160	-32.353	36.877
RBM15B	44	0.026	0.0	16	3.429	9.968	-21.023
RBM15B	45	0.025	0.001	21	29.225	63.188	5.327
RBM15B	46	0.023	0.0	19	-13.038	-63.030	11.569
RBM15B	47	0.022	0.0	32	21.497	19.428	-20.295
RBM15B	48	0.013	0.0	27	32.913	55.221	-39.499
RBM15B	49	0.013	0.001	24	19.677	-42.748	9.327
RBM15B	50	0.012	0.0	57	-43.399	25.578	26.630
RBM15B	51	0.007	0.672	69	-12.021	-25.078	38.035
RBM15B	52	0.005	0.0	23	-53.365	2.473	13.881
RBM15B	53	0.004	0.013	41	-58.049	0.879	30.567
RBM15B	54	0.001	0.001	22	22.777	2.312	-21.744
RBM15B	55	-0.001	0.002	23	-5.706	-12.257	5.460
RBM15B	56	-0.003	0.0	19	-42.623	-3.410	17.135
RBM15B	57	-0.004	0.0	19	10.863	10.301	-0.598
RBM15B	58	-0.005	0.0	16	-56.972	29.868	-39.617
RBM15B	59	-0.012	0.0	17	-44.609	-8.151	16.676
RBM15B	60	-0.012	0.006	33	-16.940	-4.244	12.298
RBM15B	61	-0.016	0.001	18	-9.653	-14.119	42.014
RBM15B	62	-0.018	0.0	16	20.965	-6.131	-25.939
RBM15B	63	-0.019	0.001	27	28.304	-3.856	-44.608
RBM15B	64	-0.021	0.0	21	12.851	-28.961	27.527
RBM15B	65	-0.021	0.0	19	-30.107	-7.092	56.682
RBM15B	66	-0.022	0.0	15	31.844	12.389	-8.554
RBM15B	67	-0.022	0.0	18	-26.242	-40.778	43.575
RBM15B	68	-0.025	0.0	20	-20.403	-36.803	42.790
RBM15B	69	-0.027	0.0	19	-44.993	-42.687	54.263
RBM15B	70	-0.031	0.022	61	31.483	-10.635	-41.644
RBM15B	71	-0.032	0.002	20	-10.523	8.621	-1.826
RBM15B	72	-0.033	0.0	23	57.127	-30.436	-22.933
RBM15B	73	-0.035	0.002	27	-18.498	11.668	13.835
RBM15B	74	-0.036	0.0	18	-46.111	-8.754	81.274
RBM15B	75	-0.036	0.0	18	-12.105	-17.738	87.724
RBM15B	76	-0.037	0.001	16	-13.702	-13.300	-44.715
RBM15B	77	-0.039	0.0	19	-23.064	-14.120	12.148
RBM15B	78	-0.045	0.004	24	-57.394	-9.194	70.491
RBM15B	79	-0.045	0.016	33	5.178	22.066	-19.573
RBM15B	80	-0.046	0.0	16	7.850	0.672	1.407
RBM15B	81	-0.046	0.0	16	-1.144	-50.159	6.630
RBM15B	82	-0.05	0.0	16	-49.597	-11.527	21.734
RBM15B	83	-0.051	0.001	28	39.661	-14.184	45.156
RBM15B	84	-0.058	0.0	15	44.550	16.596	-27.894
RBM15B	85	-0.065	0.001	16	-55.792	-48.834	-21.869
RBM15B	86	-0.067	0.0	24	-63.680	-29.329	-11.378
RBM15B	87	-0.075	0.001	21	-47.193	18.211	-11.517
RBM15B	88	-0.076	0.001	19	40.026	-54.993	0.540
RBM15B	89	-0.077	0.003	18	-22.608	-14.297	23.356
RBM15B	90	-0.08	0.001	24	1.979	-18.456	32.313
RBM15B	91	-0.084	0.003	16	36.668	-11.324	-34.770
RBM15B	92	-0.099	0.0	26	-20.918	-5.849	-35.157
RBM15B	93	-0.109	0.0	25	-4.170	-23.776	-3.765
RBM15B	94	-0.115	0.0	18	7.225	-28.082	27.938
RBM15B	95	-0.121	0.0	29	19.940	70.794	11.764
RBM15B	96	-0.129	0.0	34	-61.344	-11.641	65.531
RBM15B	97	-0.13	0.0	25	36.862	10.343	-30.846
RBM15B	98	-0.131	0.0	19	-12.760	20.147	58.562
RBM15B	99	-0.142	0.0	19	41.486	-4.257	50.162
RBM15B	100	-0.156	0.0	34	-62.475	-6.257	62.060
RBM15B	101	-0.176	0.0	26	-7.628	22.717	59.720
RBM15B	102	-0.183	0.0	39	-23.516	-38.244	37.483
CBLL1	1	0.064	0.0	40	4.275	-1.344	-6.009
CBLL1	2	0.035	0.609	133	-6.614	15.528	8.682
CBLL1	3	0.026	0.004	23	-16.927	-0.628	1.748
CBLL1	4	0.019	0.0	19	-35.876	-17.821	23.484
CBLL1	5	0.003	0.0	15	-1.180	10.164	1.843
CBLL1	6	-0.011	0.0	15	1.237	-0.223	-14.075
CBLL1	7	-0.012	0.001	28	-11.463	-9.470	1.564
CBLL1	8	-0.022	0.001	44	-7.733	6.636	-4.109
CBLL1	9	-0.025	0.001	19	26.915	12.981	-19.697
CBLL1	10	-0.052	0.0	17	36.821	10.730	-5.341
CBLL1	11	-0.053	0.007	29	1.421	11.772	-0.996
CBLL1	12	-0.06	0.004	16	-20.759	-21.609	-37.157
CBLL1	13	-0.064	0.003	22	4.460	-20.390	-29.855
CBLL1	14	-0.065	0.0	27	27.155	-1.834	29.208
CBLL1	15	-0.07	0.0	19	-1.327	-18.793	-43.959
CBLL1	16	-0.095	0.0	15	41.924	28.759	6.778
CBLL1	17	-0.106	0.0	20	18.066	14.797	37.064
CBLL1	18	-0.127	0.0	28	-16.328	40.205	-1.687
CBLL1	19	-0.141	0.0	21	8.259	-0.579	-17.393
CBLL1	20	-0.184	0.001	44	-21.781	10.706	-0.108
CBLL1	21	-0.201	0.006	36	-0.026	10.963	-18.678
METTL16	1	0.221	0.146	57	-15.600	16.938	40.537
METTL16	2	0.158	0.048	36	-17.193	-1.985	33.498
METTL16	3	0.153	0.002	22	-12.069	23.275	20.723
METTL16	4	0.152	0.0	25	-2.860	26.294	40.043
METTL16	5	0.134	0.001	40	-2.169	16.312	47.981
METTL16	6	0.124	0.826	74	-10.839	9.953	24.124
METTL16	7	0.123	0.002	28	10.251	14.745	26.205
METTL16	8	0.05	0.0	30	-7.987	-8.977	30.474
METTL16	9	0.036	0.002	24	6.245	-5.247	39.080
METTL16	10	-0.003	0.001	21	-18.724	7.002	37.847
METTL16	11	-0.005	0.0	48	-5.519	-10.529	36.751
METTL16	12	-0.01	0.0	26	10.921	-11.961	31.946
METTL16	13	-0.021	0.016	19	-20.238	17.145	32.039
METTL16	14	-0.03	0.004	17	3.391	4.354	40.733
METTL16	15	-0.032	0.001	15	15.960	10.518	36.214
METTL16	16	-0.071	0.032	46	-2.448	10.077	18.534
METTL16	17	-0.086	0.0	16	-8.925	17.011	16.659
METTL16	18	-0.101	0.033	49	5.486	-1.765	27.231
FTO	1	0.247	0.179	34	-3.303	-18.582	-39.881
FTO	2	0.239	0.885	64	30.134	-21.343	-36.422
FTO	3	0.191	0.613	47	15.727	-22.649	-50.554
FTO	4	0.162	0.004	21	4.489	-20.307	-48.975
FTO	5	0.161	0.003	30	25.901	-16.144	-45.150
FTO	6	0.127	0.002	28	14.700	-28.057	-41.748
FTO	7	0.119	0.096	39	35.288	-9.678	-23.518
FTO	8	0.098	0.73	95	32.626	-6.334	-29.739
FTO	9	0.083	0.003	15	29.940	-14.104	-3.398
FTO	10	0.075	0.005	16	27.400	-23.534	-19.757
FTO	11	0.071	0.02	22	36.566	9.197	-11.528
FTO	12	0.063	0.004	32	-11.650	-14.700	-49.293
FTO	13	0.062	0.0	29	20.133	1.658	-21.103
FTO	14	0.057	0.005	19	-0.343	-20.955	-54.067
FTO	15	0.05	0.0	15	10.293	-33.814	-49.073
FTO	16	0.041	0.0	22	-11.284	-8.284	-52.102
FTO	17	0.03	0.002	24	10.561	-29.183	-33.899
FTO	18	0.026	0.0	26	15.084	-9.677	-29.117
FTO	19	0.023	0.009	23	26.958	8.732	-16.893
FTO	20	0.021	0.001	40	38.635	-18.418	-30.480
FTO	21	0.021	0.001	16	47.398	-0.054	-16.361
FTO	22	0.013	0.004	25	0.601	-21.205	-28.119
FTO	23	0.012	0.0	43	41.664	12.846	-29.247
FTO	24	0.007	0.0	40	0.379	-30.218	-39.320
FTO	25	0.004	0.002	29	31.919	-24.804	-11.535
FTO	26	0.002	0.0	20	-8.269	-30.346	-38.207
FTO	27	0.002	0.0	19	46.302	11.690	-18.969
FTO	28	0.001	0.002	15	10.122	-14.110	-39.247
FTO	29	-0.0	0.0	17	22.444	-26.557	-18.056
FTO	30	-0.006	0.0	19	-8.711	-16.993	-36.026
FTO	31	-0.015	0.002	23	19.632	4.739	-10.583
FTO	32	-0.023	0.0	16	11.911	-15.974	-20.272
FTO	33	-0.024	0.001	16	1.931	-15.043	-28.432
FTO	34	-0.027	0.0	15	39.251	-16.340	-5.086
FTO	35	-0.028	0.002	20	42.299	1.482	-12.279
FTO	36	-0.028	0.0	17	-8.965	-22.884	-47.569
FTO	37	-0.03	0.0	18	-6.385	-22.043	-30.329
FTO	38	-0.034	0.0	19	18.020	-12.954	-37.942
FTO	39	-0.036	0.0	28	-6.147	-14.174	-57.424
FTO	40	-0.04	0.001	18	-5.434	-28.370	-34.773
FTO	41	-0.044	0.014	38	47.917	-2.416	-25.423
FTO	42	-0.061	0.006	23	47.109	-8.769	-31.336
FTO	43	-0.068	0.001	21	30.857	8.295	-32.008
FTO	44	-0.079	0.002	15	26.112	-30.663	-28.976
FTO	45	-0.123	0.001	17	36.465	0.763	-32.769
ALKBH5	1	0.051	0.267	48	33.278	2.342	42.159
ALKBH5	2	0.045	0.732	51	16.370	3.418	4.089
ALKBH5	3	0.043	0.045	24	20.991	22.224	6.651
ALKBH5	4	0.033	0.027	25	16.781	-5.303	33.874
ALKBH5	5	0.022	0.038	31	10.524	11.939	21.301
ALKBH5	6	0.007	0.106	23	40.484	10.545	53.909
ALKBH5	7	0.006	0.079	23	13.235	-4.419	-8.963
ALKBH5	8	0.004	0.0	19	17.829	8.823	31.506
ALKBH5	9	0.0	0.131	28	13.310	2.120	27.405
ALKBH5	10	-0.011	0.0	23	31.494	-0.222	-1.053
ALKBH5	11	-0.021	0.027	22	34.171	-16.890	35.876
ALKBH5	12	-0.028	0.0	20	14.206	-3.330	23.106
ALKBH5	13	-0.033	0.0	21	21.720	-8.975	27.163
ALKBH5	14	-0.034	0.0	17	18.401	14.991	22.778
ALKBH5	15	-0.04	0.0	15	21.986	17.486	1.075
ALKBH5	16	-0.06	0.34	15	49.156	7.560	61.111
ALKBH5	17	-0.069	0.001	16	20.021	12.658	-3.943
ALKBH5	18	-0.073	0.004	27	21.099	1.357	48.630
ALKBH5	19	-0.087	0.042	15	13.571	-1.230	-20.454
ALKBH5	20	-0.09	0.03	22	3.865	4.026	8.478
ALKBH5	21	-0.129	0.007	24	42.772	-3.070	32.448
ALKBH5	22	-0.133	0.0	15	41.764	10.629	37.517
ALKBH5	23	-0.138	0.001	25	27.452	16.217	16.739
ALKBH5	24	-0.152	0.006	48	22.213	3.999	-0.505
ALKBH5	25	-0.19	0.0	23	39.822	0.780	43.538
ALKBH5	26	-0.367	0.043	201	28.444	1.427	22.218
YTHDF1	1	0.418	0.66	86	1.051	-9.744	-5.625
YTHDF1	2	0.139	0.006	22	3.897	-17.779	-18.671
YTHDF1	3	0.106	0.018	39	-10.832	-15.439	-6.918
YTHDF1	4	0.083	0.0	46	-4.139	-5.591	4.287
YTHDF1	5	0.07	0.0	21	3.353	-5.904	-20.394
YTHDF1	6	0.062	0.0	22	-19.493	-0.851	-13.144
YTHDF1	7	0.058	0.007	22	4.277	0.963	-17.921
YTHDF1	8	0.053	0.0	17	-13.419	1.477	-25.206
YTHDF1	9	0.042	0.0	22	-9.226	7.054	-18.604
YTHDF1	10	-0.038	0.001	26	-21.672	-10.395	-22.053
YTHDF1	11	-0.038	0.005	15	-23.013	-6.162	-9.506
YTHDF2	1	0.085	0.003	39	22.030	-64.801	55.999
YTHDF2	2	0.077	0.0	19	24.838	-43.292	56.385
YTHDF2	3	0.071	0.001	21	27.746	-80.048	48.580
YTHDF2	4	0.07	0.745	197	13.376	-62.161	49.408
YTHDF2	5	0.045	0.001	18	8.911	-49.222	73.582
YTHDF2	6	0.04	0.007	37	21.663	-79.419	39.952
YTHDF2	7	0.039	0.006	16	32.652	-67.649	38.596
YTHDF2	8	0.02	0.0	31	27.280	-54.305	40.662
YTHDF2	9	0.009	0.008	22	33.033	-70.672	43.027
YTHDF2	10	-0.008	0.003	26	22.391	-60.068	48.145
YTHDF2	11	-0.042	0.003	32	16.179	-45.071	61.979
YTHDF2	12	-0.05	0.0	21	14.398	-55.489	36.828
YTHDF2	13	-0.055	0.0	16	25.810	-63.399	51.554
YTHDF2	14	-0.056	0.001	22	27.968	-58.117	47.150
YTHDF2	15	-0.074	0.001	16	20.463	-54.566	48.214
YTHDF2	16	-0.09	0.078	22	3.785	-52.655	46.410
YTHDF2	17	-0.099	0.005	18	4.743	-58.943	48.040
YTHDF2	18	-0.156	0.002	16	25.575	-63.226	29.676
YTHDF2	19	-0.211	0.0	32	-5.104	-56.465	61.041
YTHDF3	1	0.361	0.005	50	7.859	-4.391	14.015
YTHDF3	2	0.337	0.003	56	-12.728	-4.495	7.091
YTHDF3	3	0.255	0.061	38	2.741	-3.645	-0.736
YTHDF3	4	0.24	0.002	35	-13.064	10.036	7.888
YTHDF3	5	0.174	0.031	33	10.776	-2.020	-3.332
YTHDF3	6	0.149	0.003	39	0.997	15.706	-10.360
YTHDF3	7	0.129	0.001	15	-43.195	-41.641	-9.025
YTHDF3	8	0.122	0.0	20	0.456	12.547	1.980
YTHDF3	9	0.116	0.001	30	-20.996	7.562	-1.542
YTHDF3	10	0.104	0.0	19	-3.785	-21.112	3.613
YTHDF3	11	0.065	0.0	21	-8.629	-8.878	12.256
YTHDF3	12	0.064	0.012	21	-39.794	-6.776	-42.421
YTHDF3	13	0.062	0.009	28	44.022	-18.296	-41.586
YTHDF3	14	0.054	0.001	15	5.609	1.459	-13.518
YTHDF3	15	0.05	0.0	22	-5.493	-6.565	18.846
YTHDF3	16	0.04	0.012	23	-18.108	10.208	-13.145
YTHDF3	17	0.039	0.0	19	-0.565	-45.551	-39.758
YTHDF3	18	0.034	0.001	17	38.792	-24.974	-35.949
YTHDF3	19	0.029	0.001	21	-43.393	-14.834	-35.871
YTHDF3	20	0.015	0.036	22	43.171	6.980	-36.156
YTHDF3	21	0.01	0.0	19	-42.155	-24.311	18.238
YTHDF3	22	-0.006	0.0	16	14.252	-24.532	-15.430
YTHDF3	23	-0.01	0.0	28	-0.493	-8.365	-8.545
YTHDF3	24	-0.059	0.676	31	-9.284	-19.277	5.954
YTHDF3	25	-0.066	0.003	15	-3.033	10.196	13.844
YTHDF3	26	-0.074	0.0	19	-13.611	2.787	16.054
YTHDF3	27	-0.104	0.0	21	-12.179	-6.042	16.387
YTHDC1	1	0.379	0.185	82	18.398	13.418	75.149
YTHDC1	2	0.098	0.054	28	24.651	16.871	57.343
YTHDC1	3	0.059	0.01	16	15.396	16.956	62.019
YTHDC1	4	0.04	0.0	19	25.965	5.126	58.012
YTHDC1	5	0.026	0.354	44	32.047	-8.024	65.983
YTHDC1	6	0.021	0.001	22	14.998	2.652	80.941
YTHDC1	7	-0.012	0.001	17	33.457	14.331	73.961
YTHDC1	8	-0.059	0.002	16	25.587	-9.736	74.312
YTHDC1	9	-0.081	0.0	15	15.919	8.437	81.618
YTHDC2	1	0.481	0.004	59	10.593	0.615	18.655
YTHDC2	2	0.3	0.043	53	1.254	5.541	34.306
YTHDC2	3	0.179	0.364	35	2.348	-2.296	3.716
YTHDC2	4	0.123	0.025	18	22.342	-16.906	16.010
YTHDC2	5	0.114	0.0	35	4.482	22.470	34.126
YTHDC2	6	0.097	0.022	19	11.027	18.244	18.446
YTHDC2	7	0.021	0.002	25	12.859	5.379	14.074
YTHDC2	8	-0.043	0.0	20	13.650	-1.905	23.723
IGF2BP1	1	0.263	0.826	77	56.003	36.122	63.558
IGF2BP1	2	0.087	0.004	57	60.828	24.448	80.865
IGF2BP1	3	0.013	0.0	23	79.105	22.665	62.187
IGF2BP1	4	-0.007	0.009	25	50.526	41.195	74.208
IGF2BP1	5	-0.032	0.034	17	52.700	32.465	77.013
IGF2BP2	1	0.292	0.001	41	26.939	-22.522	-27.553
IGF2BP2	2	0.279	0.007	38	26.617	-13.213	23.282
IGF2BP2	3	0.269	0.001	42	25.824	-22.257	14.889
IGF2BP2	4	0.247	0.001	43	19.799	-3.572	-23.765
IGF2BP2	5	0.139	0.058	43	18.434	-25.208	-28.537
IGF2BP2	6	0.11	0.071	62	15.626	-24.997	13.145
IGF2BP2	7	0.109	0.014	39	23.303	-1.250	-31.361
IGF2BP2	8	0.098	0.004	43	10.525	-16.037	29.788
IGF2BP2	9	0.091	0.003	43	11.847	-17.210	-12.497
IGF2BP2	10	0.083	0.002	15	24.198	7.373	-29.357
IGF2BP2	11	0.066	0.003	35	39.635	-8.253	13.799
IGF2BP2	12	0.061	0.001	16	17.210	-38.523	18.601
IGF2BP2	13	0.058	0.002	52	29.239	-21.607	-19.666
IGF2BP2	14	0.057	0.0	28	16.796	-1.160	17.822
IGF2BP2	15	0.055	0.485	78	19.070	-2.279	9.477
IGF2BP2	16	0.051	0.001	21	32.367	11.221	-19.737
IGF2BP2	17	0.042	0.01	20	23.720	7.085	17.171
IGF2BP2	18	0.04	0.003	29	38.574	-14.878	-21.560
IGF2BP2	19	0.032	0.002	28	43.667	-9.495	6.676
IGF2BP2	20	0.031	0.002	18	41.198	8.807	-33.934
IGF2BP2	21	0.014	0.002	17	20.893	-32.134	17.684
IGF2BP2	22	0.014	0.0	20	29.869	-15.454	28.213
IGF2BP2	23	0.008	0.001	38	45.717	-11.189	-34.314
IGF2BP2	24	0.004	0.003	17	24.875	-12.904	-1.079
IGF2BP2	25	-0.004	0.0	16	28.740	-11.969	-20.088
IGF2BP2	26	-0.008	0.0	17	2.940	-37.089	17.509
IGF2BP2	27	-0.012	0.005	23	4.630	-14.915	-12.866
IGF2BP2	28	-0.014	0.001	34	4.792	-23.980	16.390
IGF2BP2	29	-0.014	0.0	16	6.069	-8.298	-27.676
IGF2BP2	30	-0.017	0.0	16	8.782	1.541	19.405
IGF2BP2	31	-0.019	0.007	50	27.850	-22.012	21.757
IGF2BP2	32	-0.026	0.002	16	6.858	-34.756	27.785
IGF2BP2	33	-0.034	0.002	17	35.841	-17.701	-15.153
IGF2BP2	34	-0.035	0.0	15	4.197	-36.906	-25.036
IGF2BP2	35	-0.036	0.0	19	8.902	-33.308	32.764
IGF2BP2	36	-0.041	0.003	42	41.186	-8.768	-29.183
IGF2BP2	37	-0.044	0.001	18	22.340	-32.556	-24.524
IGF2BP2	38	-0.051	0.0	18	24.015	-5.463	-7.391
IGF2BP2	39	-0.058	0.004	46	3.058	-16.542	29.357
IGF2BP2	40	-0.062	0.0	31	32.828	-1.797	-39.937
IGF2BP2	41	-0.066	0.001	38	23.997	-3.314	24.778
IGF2BP2	42	-0.077	0.0	66	26.647	0.785	2.951
IGF2BP2	43	-0.093	0.001	21	29.088	-7.522	28.987
IGF2BP2	44	-0.094	0.0	23	27.954	-14.814	-12.623
IGF2BP2	45	-0.109	0.0	85	27.602	-6.265	-16.471
IGF2BP2	46	-0.134	0.0	32	8.318	-26.240	-26.919
IGF2BP3	1	0.163	0.095	45	17.209	-0.992	-14.717
IGF2BP3	2	0.142	0.166	37	-11.639	-15.911	-1.985
IGF2BP3	3	0.084	0.005	33	1.509	8.154	-6.365
IGF2BP3	4	0.078	0.001	17	21.318	22.868	2.709
IGF2BP3	5	0.074	0.001	18	29.151	17.491	-4.712
IGF2BP3	6	0.066	0.0	19	-11.610	4.001	-2.512
IGF2BP3	7	0.055	0.002	18	-20.100	4.534	3.235
IGF2BP3	8	0.054	0.001	18	23.450	-0.404	20.387
IGF2BP3	9	0.051	0.036	26	7.850	-4.258	-16.791
IGF2BP3	10	0.032	0.0	18	0.541	4.262	25.874
IGF2BP3	11	0.019	0.003	22	-23.826	-12.197	-0.007
IGF2BP3	12	0.009	0.005	34	11.864	9.037	0.352
IGF2BP3	13	0.007	0.0	16	31.514	2.034	-19.271
IGF2BP3	14	0.004	0.0	19	19.780	14.288	2.667
IGF2BP3	15	-0.001	0.0	17	20.706	7.925	-0.411
IGF2BP3	16	-0.004	0.0	16	5.408	4.287	32.264
IGF2BP3	17	-0.006	0.041	35	26.161	12.960	1.218
IGF2BP3	18	-0.007	0.003	15	7.573	-13.994	25.094
IGF2BP3	19	-0.016	0.0	41	11.070	-15.590	15.000
IGF2BP3	20	-0.021	0.0	15	-14.601	-16.827	14.230
IGF2BP3	21	-0.022	0.007	28	-5.822	-8.243	0.947
IGF2BP3	22	-0.03	0.003	16	40.241	-1.509	-17.916
IGF2BP3	23	-0.038	0.001	31	11.498	-4.242	-25.269
IGF2BP3	24	-0.039	0.0	38	1.438	8.834	24.492
IGF2BP3	25	-0.049	0.001	19	11.096	11.388	23.692
IGF2BP3	26	-0.055	0.0	18	5.680	-3.470	-26.657
IGF2BP3	27	-0.064	0.0	52	20.585	7.974	-20.190
IGF2BP3	28	-0.069	0.0	39	-6.159	1.858	8.307
IGF2BP3	29	-0.075	0.0	17	-16.985	-17.365	0.746
IGF2BP3	30	-0.078	0.0	20	-26.919	-3.045	14.907
IGF2BP3	31	-0.085	0.0	23	28.514	-0.265	-16.342
IGF2BP3	32	-0.087	0.574	43	8.752	-22.628	29.595
IGF2BP3	33	-0.092	0.002	16	10.440	-2.902	-11.550
IGF2BP3	34	-0.098	0.004	41	-0.848	-21.861	-2.646
IGF2BP3	35	-0.109	0.007	23	14.128	-12.803	27.565
IGF2BP3	36	-0.138	0.0	23	1.134	4.623	-21.943
IGF2BP3	37	-0.151	0.074	98	-1.837	-3.485	-14.429
IGF2BP3	38	-0.194	0.005	35	12.611	22.740	-15.178
IGF2BP3	39	-0.27	0.0	33	7.914	-32.672	17.639
HNRNPA2B1	1	0.127	0.0	15	-47.632	-11.927	9.818
HNRNPA2B1	2	0.113	0.0	27	-17.761	14.523	5.490
HNRNPA2B1	3	0.087	0.003	17	-21.285	5.703	23.165
HNRNPA2B1	4	0.075	0.044	78	-29.638	6.844	7.242
HNRNPA2B1	5	0.053	0.0	18	-26.773	7.881	14.546
HNRNPA2B1	6	0.042	0.002	25	-23.699	-2.884	7.524
HNRNPA2B1	7	0.036	0.0	16	-32.726	-5.165	-0.037
HNRNPA2B1	8	0.028	0.0	29	-21.911	-3.895	17.727
HNRNPA2B1	9	0.027	0.001	39	-11.395	21.657	11.103
HNRNPA2B1	10	-0.003	0.0	17	-55.093	-3.347	9.850
HNRNPA2B1	11	-0.057	0.093	29	-39.910	4.331	10.839
HNRNPC	1	0.434	0.205	26	3.540	7.556	3.622
HNRNPC	2	0.254	0.0	18	-11.785	-6.951	2.785
HNRNPC	3	0.243	0.001	15	-12.532	4.868	10.474
HNRNPC	4	0.227	0.002	17	-22.215	-6.736	10.844
HNRNPC	5	0.182	0.001	15	-5.090	14.936	1.487
PIN1	1	0.078	0.003	27	33.353	11.282	111.473
PIN1	2	0.032	0.082	35	10.629	10.973	103.842
PIN1	3	0.02	0.001	31	9.804	6.462	111.008
PIN1	4	0.001	0.0	17	26.377	5.643	119.736
PIN1	5	-0.005	0.0	19	18.561	4.446	120.693
PIN1	6	-0.035	0.001	30	16.948	10.728	117.087
PIN1	7	-0.052	0.005	21	23.897	2.876	99.464
PIN1	8	-0.058	0.136	53	38.380	4.930	107.383
PIN1	9	-0.075	0.0	20	19.946	20.219	106.705
PIN1	10	-0.079	0.0	15	23.493	23.384	116.950
PIN1	11	-0.1	0.001	15	28.967	1.357	112.562
PIN1	12	-0.207	0.007	104	35.336	17.574	120.684
TXN1	1	0.375	0.358	28	30.071	16.280	8.918
TXN1	2	0.275	0.001	21	34.491	15.995	19.193
TXN1	3	0.198	0.172	20	48.964	16.108	5.488
TXN1	4	0.197	0.009	20	54.011	19.686	13.982
TXN1	5	0.192	0.001	17	53.919	12.540	14.821
TXN1	6	0.155	0.002	15	47.124	8.454	4.454
TXN1	7	0.084	0.002	16	49.196	15.105	20.727
GAPDH	1	0.347	0.001	84	32.502	27.048	29.347
GAPDH	2	0.201	0.0	38	35.364	17.954	8.696
GAPDH	3	0.164	0.056	92	40.834	27.391	49.169
GAPDH	4	0.158	0.001	85	31.702	43.838	31.618
GAPDH	5	0.153	0.0	18	27.473	37.579	6.116
GAPDH	6	0.15	0.173	55	39.995	42.019	45.666
GAPDH	7	0.15	0.002	17	16.167	47.271	32.247
GAPDH	8	0.141	0.002	20	45.499	23.137	37.086
GAPDH	9	0.131	0.002	51	15.139	38.328	42.130
GAPDH	10	0.128	0.0	49	31.225	11.371	44.921
GAPDH	11	0.123	0.001	38	22.987	53.862	48.216
GAPDH	12	0.12	0.002	53	25.384	33.143	10.899
GAPDH	13	0.111	0.002	16	46.564	49.144	32.402
GAPDH	14	0.097	0.006	65	48.801	44.002	19.045
GAPDH	15	0.092	0.159	30	9.912	25.108	47.791
GAPDH	16	0.091	0.0	21	49.318	13.450	13.057
GAPDH	17	0.086	0.002	27	24.033	20.962	11.203
GAPDH	18	0.073	0.012	36	47.565	65.922	55.645
GAPDH	19	0.073	0.523	56	59.697	25.020	33.339
GAPDH	20	0.071	0.001	18	61.060	5.748	21.100
GAPDH	21	0.067	0.019	37	23.467	8.602	54.384
GAPDH	22	0.066	0.001	17	-1.649	7.517	33.946
GAPDH	23	0.065	0.327	51	6.892	47.747	20.431
GAPDH	24	0.049	0.001	16	42.631	17.489	44.614
GAPDH	25	0.044	0.0	22	40.836	11.060	36.894
GAPDH	26	0.043	0.0	17	3.675	65.928	15.048
GAPDH	27	0.037	0.002	19	42.692	11.192	28.760
GAPDH	28	0.037	0.001	24	25.010	64.453	15.162
GAPDH	29	0.035	0.341	54	16.616	23.971	33.964
GAPDH	30	0.035	0.003	27	43.537	19.318	-1.421
GAPDH	31	0.034	0.018	41	12.843	52.670	39.944
GAPDH	32	0.026	0.166	40	51.699	46.844	41.037
GAPDH	33	0.025	0.003	21	48.255	55.352	25.790
GAPDH	34	0.023	0.026	68	37.740	60.013	39.456
GAPDH	35	0.019	0.0	15	32.288	35.063	30.206
GAPDH	36	0.015	0.285	52	6.856	23.863	23.572
GAPDH	37	0.011	0.001	22	17.639	54.969	1.103
GAPDH	38	0.011	0.0	17	6.131	46.720	32.193
GAPDH	39	0.011	0.001	18	31.372	57.769	-1.441
GAPDH	40	0.011	0.003	16	13.015	46.386	25.877
GAPDH	41	0.011	0.009	26	40.120	39.425	58.303
GAPDH	42	0.003	0.0	15	53.046	60.176	62.255
GAPDH	43	0.002	0.0	21	4.455	17.214	46.401
GAPDH	44	-0.004	0.005	28	39.569	63.200	5.612
GAPDH	45	-0.005	0.0	15	65.331	56.890	50.762
GAPDH	46	-0.005	0.002	38	46.705	36.215	35.149
GAPDH	47	-0.005	0.0	16	49.267	59.181	10.457
GAPDH	48	-0.01	0.007	27	22.194	52.927	62.318
GAPDH	49	-0.01	0.002	15	62.582	61.573	47.483
GAPDH	50	-0.014	0.0	27	40.001	56.915	21.126
GAPDH	51	-0.014	0.01	23	34.336	48.979	66.684
GAPDH	52	-0.017	0.0	15	7.062	66.148	8.175
GAPDH	53	-0.019	0.0	16	15.835	54.285	58.744
GAPDH	54	-0.022	0.001	22	20.220	26.912	10.912
GAPDH	55	-0.024	0.028	43	23.914	10.051	25.972
GAPDH	56	-0.025	0.0	16	53.874	42.532	28.763
GAPDH	57	-0.025	0.005	21	51.517	26.061	19.431
GAPDH	58	-0.027	0.026	25	58.671	46.784	45.114
GAPDH	59	-0.027	0.0	15	56.674	50.539	32.103
GAPDH	60	-0.028	0.002	16	68.647	19.475	15.114
GAPDH	61	-0.029	0.0	15	10.733	44.153	38.554
GAPDH	62	-0.03	0.0	15	68.916	12.018	17.230
GAPDH	63	-0.032	0.0	20	66.375	9.057	24.461
GAPDH	64	-0.037	0.0	18	71.908	23.650	24.542
GAPDH	65	-0.037	0.0	21	35.852	59.039	54.094
GAPDH	66	-0.038	0.0	24	35.224	13.009	57.529
GAPDH	67	-0.039	0.0	17	33.339	18.804	19.093
GAPDH	68	-0.04	0.0	17	12.716	3.755	21.478
GAPDH	69	-0.044	0.002	37	11.159	12.855	54.241
GAPDH	70	-0.046	0.0	20	-3.880	55.511	17.931
GAPDH	71	-0.046	0.0	16	17.331	28.506	41.478
GAPDH	72	-0.048	0.0	21	25.089	58.498	31.761
GAPDH	73	-0.056	0.003	21	21.746	49.547	14.752
GAPDH	74	-0.056	0.006	30	23.858	48.813	-0.350
GAPDH	75	-0.058	0.0	28	27.404	64.055	3.859
GAPDH	76	-0.058	0.0	21	49.808	67.461	44.472
GAPDH	77	-0.063	0.002	18	58.840	43.974	54.811
GAPDH	78	-0.07	0.0	16	55.791	67.938	36.209
GAPDH	79	-0.071	0.0	15	53.790	39.941	5.519
GAPDH	80	-0.072	0.001	16	54.773	5.002	29.084
GAPDH	81	-0.079	0.001	40	17.602	35.971	25.673
GAPDH	82	-0.079	0.0	15	26.477	43.138	12.479
GAPDH	83	-0.087	0.033	35	21.381	46.127	20.338
GAPDH	84	-0.089	0.0	18	0.555	6.058	26.342
GAPDH	85	-0.091	0.0	15	29.177	42.509	-2.240
GAPDH	86	-0.091	0.003	15	-1.892	12.485	38.836
GAPDH	87	-0.092	0.0	18	47.985	34.431	17.672
GAPDH	88	-0.125	0.0	18	6.201	0.336	32.084
GAPDH	89	-0.152	0.0	28	32.985	53.707	30.816
GAPDH	90	-0.169	0.048	34	47.660	28.193	25.731
GAPDH	91	-0.192	0.0	36	33.364	17.754	30.071
SH3_SRC	1	0.106	0.001	16	16.734	10.052	-2.840
SH3_SRC	2	0.089	0.0	24	-26.251	21.457	27.655
SH3_SRC	3	0.088	0.042	23	-1.352	15.179	5.509
SH3_SRC	4	0.071	0.0	16	15.669	4.649	4.433
SH3_SRC	5	0.07	0.255	148	4.183	-6.110	3.671
SH3_SRC	6	0.065	0.0	18	8.104	22.964	7.401
SH3_SRC	7	0.064	0.0	26	-21.346	-14.897	32.852
SH3_SRC	8	0.016	0.119	33	5.082	15.767	-6.005
SH3_SRC	9	0.011	0.001	16	6.451	-15.976	-1.066
SH3_SRC	10	-0.006	0.0	50	1.411	-14.204	22.891
SH3_SRC	11	-0.008	0.004	18	-23.815	20.864	32.153
SH3_SRC	12	-0.012	0.095	35	-9.396	-19.924	36.506
SH3_SRC	13	-0.021	0.0	17	-22.608	27.163	30.072
SH3_SRC	14	-0.033	0.0	17	0.520	-4.588	18.143
SH3_SRC	15	-0.035	0.009	48	-11.221	18.627	27.737
SH3_SRC	16	-0.043	0.001	17	-8.042	9.811	-5.318
SH3_SRC	17	-0.049	0.223	46	23.267	13.294	1.714
SH3_SRC	18	-0.05	0.0	19	-4.012	14.965	20.834
SH3_SRC	19	-0.06	0.007	51	-7.273	15.247	-1.446
SH3_SRC	20	-0.062	0.0	16	-2.729	22.085	-0.329
SH3_SRC	21	-0.067	0.0	15	16.365	4.378	15.568
SH3_SRC	22	-0.068	0.0	19	-6.483	9.807	27.470
SH3_SRC	23	-0.069	0.0	16	-17.350	-7.951	21.510
SH3_SRC	24	-0.072	0.001	18	9.448	10.736	20.402
SH3_SRC	25	-0.088	0.001	44	-11.992	-16.124	16.600
SH3_SRC	26	-0.1	0.0	19	-7.612	10.174	34.473
SH3_SRC	27	-0.103	0.006	18	21.655	9.460	9.729
SH3_SRC	28	-0.133	0.001	46	-11.649	11.096	12.157
SH3_SRC	29	-0.139	0.001	17	-20.057	4.413	14.577
SH3_SRC	30	-0.327	0.029	160	-7.280	3.333	17.690
SH3_SRC	31	-0.379	0.036	84	-17.385	-2.045	24.810
